Time,1Hash,AntPool,BTC.TOP,BTC.com,BTCC Pool,BW.COM,BitClub Network,BitFury,Bitcoin.com,F2Pool,GBMiners,SlushPool,Unknown,ViaBTC,others
2017-04-21 00:00:00 UTC,7.650337040809275e+16,8.415370744890203e+17,4.5902022244855654e+17,1.530067408161855e+17,4.5902022244855654e+17,7.650337040809275e+16,1.0200449387745701e+17,2.0400898775491402e+17,1.7850786428554976e+17,4.0801797550982803e+17,1.2750561734682126e+17,3.8251685204046374e+17,2.0400898775491402e+17,1.7850786428554976e+17,4.08017975509828e+17
2017-04-22 00:00:00 UTC,1.8160304129703062e+17,7.264121651881225e+17,2.3348962452475366e+17,2.0754633291089213e+17,3.3726279098019974e+17,1.8160304129703062e+17,2.5943291613861517e+17,3.3726279098019974e+17,7.782987484158454e+16,3.6320608259406125e+17,5.188658322772303e+16,2.0754633291089213e+17,1.2971645806930758e+17,1.556597496831691e+17,3.113194993663382e+17
2017-04-23 00:00:00 UTC,2.3320562653370704e+17,6.477934070380751e+17,4.145877805043681e+17,1.0364694512609203e+17,2.3320562653370704e+17,2.0729389025218406e+17,1.8138215397066102e+17,2.8502909909675306e+17,7.773520884456902e+16,4.664112530674141e+17,7.773520884456902e+16,2.5911736281523008e+17,1.8138215397066102e+17,2.8502909909675306e+17,3.109408353782761e+17
2017-04-24 00:00:00 UTC,2.073227097563548e+17,4.146454195127096e+17,1.8140737103681046e+17,1.554920323172661e+17,2.850687259149879e+17,2.332380484758992e+17,1.036613548781774e+17,4.146454195127096e+17,1.036613548781774e+17,2.5915338719544352e+17,1.036613548781774e+17,1.036613548781774e+17,7.774601615863306e+16,1.2957669359772176e+17,4.4056075823225395e+17
2017-04-25 00:00:00 UTC,2.5801448137017716e+16,6.966390996994784e+17,5.1602896274035437e+17,1.548086888221063e+17,2.5801448137017718e+17,1.548086888221063e+17,1.548086888221063e+17,3.6122027391824806e+17,1.2900724068508859e+17,3.870217220552657e+17,5.160289627403543e+16,2.5801448137017718e+17,1.548086888221063e+17,2.322130332331595e+17,3.096173776442126e+17
2017-04-26 00:00:00 UTC,7.751252845792333e+16,5.942627181774122e+17,3.8756264228961664e+17,2.5837509485974445e+17,2.3253758537377e+17,2.3253758537377e+17,2.3253758537377e+17,4.134001517755911e+17,1.5502505691584666e+17,3.617251328036422e+17,,1.2918754742987222e+17,4.392376612615655e+17,2.0670007588779555e+17,2.3253758537377e+17
2017-04-27 00:00:00 UTC,1.299461065422745e+17,5.19784426169098e+17,3.1187065570145875e+17,1.819245491591843e+17,4.6780598355218816e+17,1.0395688523381958e+17,2.0791377046763917e+17,3.898383196268235e+17,7.796766392536469e+16,5.19784426169098e+17,2.5989221308454896e+16,2.59892213084549e+17,4.937952048606431e+17,7.796766392536469e+16,5.197844261690979e+16
2017-04-28 00:00:00 UTC,2.3356258948051478e+17,5.449793754545345e+17,2.595139883116831e+17,5.1902797662336616e+16,4.930765777921979e+17,1.8165979181817814e+17,,2.595139883116831e+17,1.2975699415584155e+17,4.4117378012986125e+17,1.5570839298700986e+17,1.5570839298700986e+17,3.114167859740197e+17,2.595139883116831e+17,5.1902797662336616e+16
2017-04-29 00:00:00 UTC,1.3035757427276387e+17,8.08216960491136e+17,3.389296931091861e+17,2.867866634000805e+17,2.867866634000805e+17,3.389296931091861e+17,7.821454456365832e+16,3.650012079637388e+17,1.3035757427276387e+17,3.910727228182916e+17,2.6071514854552772e+16,2.6071514854552774e+17,6.257163565092666e+17,3.389296931091861e+17,1.0428605941821109e+17
2017-04-30 00:00:00 UTC,1.0209663752020947e+17,7.912489407816234e+17,4.083865500808379e+17,2.5524159380052368e+17,4.339107094608903e+17,1.531449562803142e+17,1.0209663752020947e+17,4.84959028220995e+17,5.104831876010474e+16,2.5524159380052368e+17,2.552415938005237e+16,2.5524159380052368e+17,3.573382313207331e+17,1.0209663752020947e+17,1.0209663752020947e+17
2017-05-01 00:00:00 UTC,1.3051086827194366e+17,4.4373695212460845e+17,3.1322608385266477e+17,2.088173892351099e+17,3.654304311614423e+17,2.8712391019827606e+17,2.349195628894986e+17,2.6102173654388733e+17,7.830652096316619e+16,5.2204347308777466e+17,5.220434730877747e+16,2.349195628894986e+17,4.95941299433386e+17,1.5661304192633238e+17,1.3051086827194368e+17
2017-05-02 00:00:00 UTC,1.2958748501896773e+17,5.961024310872515e+17,3.3692746104931603e+17,1.814224790265548e+17,3.628449580531096e+17,2.8509246704172896e+17,2.0733997603034835e+17,4.4059744906449024e+17,1.5550498202276128e+17,4.665149460682838e+17,2.5917497003793544e+16,1.814224790265548e+17,3.887624550569032e+17,2.332574730341419e+17,1.0366998801517418e+17
2017-05-03 00:00:00 UTC,1.2908160451111477e+17,4.388774553377902e+17,2.8397952992445248e+17,2.065305672177836e+17,4.646937762400131e+17,2.5816320902222954e+17,7.744896270666886e+16,2.5816320902222954e+17,1.032652836088918e+17,3.8724481353334426e+17,2.581632090222295e+16,1.8071424631556067e+17,1.8071424631556067e+17,2.5816320902222954e+17,1.548979254133377e+17
2017-05-04 00:00:00 UTC,1.8151481025951872e+17,7.260592410380749e+17,5.704751179584875e+17,3.3709893333910624e+17,2.8523755897924374e+17,1.8151481025951872e+17,2.0744549743945e+17,3.3709893333910624e+17,1.2965343589965624e+17,5.1861374359862496e+17,2.593068717993125e+16,2.0744549743945e+17,4.6675236923876243e+17,7.779206153979374e+16,1.03722748719725e+17
2017-05-05 00:00:00 UTC,5.175004018439411e+16,5.1750040184394106e+17,3.622502812907588e+17,1.811251406453794e+17,3.8812530138295584e+17,1.811251406453794e+17,1.0350008036878822e+17,3.8812530138295584e+17,1.0350008036878822e+17,3.105002411063647e+17,7.762506027659117e+16,1.0350008036878822e+17,1.811251406453794e+17,3.105002411063647e+17,7.762506027659117e+16
2017-05-06 00:00:00 UTC,1.3131199866619046e+17,6.828223930641905e+17,3.414111965320952e+17,3.1514879679885715e+17,4.201983957318095e+17,2.888863970656191e+17,2.6262399733238093e+17,3.414111965320952e+17,1.5757439839942858e+17,4.9898559493152384e+17,5.2524799466476184e+16,1.8383679813266666e+17,4.464607954650476e+17,2.3636159759914285e+17,5.2524799466476184e+16
2017-05-07 00:00:00 UTC,1.2852658350884821e+17,6.42632917544241e+17,3.341691171230054e+17,1.0282126680707858e+17,4.626957006318536e+17,1.0282126680707858e+17,2.0564253361415715e+17,3.59874433824775e+17,1.2852658350884821e+17,4.626957006318536e+17,2.5705316701769644e+16,2.8275848371946608e+17,5.6551696743893216e+17,3.341691171230054e+17,1.5423190021061786e+17
2017-05-08 00:00:00 UTC,2.356796605278905e+17,1.1783983026394524e+18,2.6186628947543386e+17,2.094930315803471e+17,4.451726921082376e+17,1.3093314473771693e+17,1.0474651579017355e+17,3.927994342131508e+17,2.6186628947543388e+16,3.1423954737052064e+17,7.855988684263016e+16,2.8805291842297725e+17,5.761058368459545e+17,3.666128052656074e+17,1.0474651579017355e+17
2017-05-09 00:00:00 UTC,1.0327479774864464e+17,8.00379682551996e+17,5.1637398874322323e+17,3.356430926830951e+17,1.0327479774864464e+17,2.5818699437161162e+17,7.745609831148349e+16,1.8073089606012813e+17,1.0327479774864464e+17,2.8400569380877277e+17,7.745609831148349e+16,1.2909349718580581e+17,5.1637398874322323e+17,3.872804915574174e+17,1.2909349718580581e+17
2017-05-10 00:00:00 UTC,1.6692304395244662e+17,7.511536977860099e+17,4.173076098811166e+17,1.6692304395244662e+17,2.7820507325407773e+17,3.060255805794855e+17,1.947435512778544e+17,3.894871025557088e+17,8.346152197622331e+16,3.060255805794855e+17,,1.1128202930163109e+17,4.7294862453193216e+17,3.6166659523030106e+17,1.1128202930163109e+17
2017-05-11 00:00:00 UTC,2.7497046528686224e+16,7.149232097458418e+17,3.849586514016071e+17,1.9247932570080355e+17,1.099881861147449e+17,2.199763722294898e+17,1.6498227917211734e+17,3.849586514016071e+17,8.249113958605867e+16,2.199763722294898e+17,,3.299645583442347e+17,5.774379771024108e+17,1.9247932570080355e+17,1.099881861147449e+17
2017-05-12 00:00:00 UTC,8.381740683341707e+16,5.867218478339195e+17,3.6320876294480736e+17,2.2351308488911222e+17,3.6320876294480736e+17,2.2351308488911222e+17,1.1175654244455611e+17,4.4702616977822445e+17,1.3969567805569512e+17,5.0290444100050246e+17,5.5878271222278056e+16,1.1175654244455611e+17,6.984783902784756e+17,2.5145222050025123e+17,1.3969567805569514e+17
2017-05-13 00:00:00 UTC,1.368577891402956e+17,7.664036191856553e+17,4.379449252489459e+17,1.6422934696835472e+17,2.463440204525321e+17,1.6422934696835472e+17,1.368577891402956e+17,5.2005959873312326e+17,1.6422934696835472e+17,5.474311565611824e+17,,4.1057336742088685e+17,4.379449252489459e+17,1.9160090479641382e+17,2.737155782805912e+16
2017-05-14 00:00:00 UTC,2.8285134150443658e+17,6.505580854602042e+17,5.6570268300887315e+17,2.5456620735399293e+17,3.3942160980532384e+17,3.1113647565488026e+17,2.8285134150443658e+17,3.3942160980532384e+17,1.6971080490266192e+17,5.6570268300887315e+17,,1.6971080490266192e+17,4.8084728055754214e+17,1.1314053660177464e+17,1.1314053660177462e+17
2017-05-15 00:00:00 UTC,3.5538534766831014e+17,9.021320363887873e+17,4.9207201984842944e+17,2.4603600992421472e+17,4.373973509763817e+17,1.91361341052167e+17,2.1869867548819085e+17,4.373973509763817e+17,1.91361341052167e+17,2.1869867548819085e+17,5.467466887204771e+16,2.7337334436023856e+17,3.280480132322863e+17,2.4603600992421472e+17,8.201200330807157e+16
2017-05-16 00:00:00 UTC,1.695214044225884e+17,5.3681778067153e+17,2.5428210663388262e+17,3.390428088451768e+17,3.672963762489416e+17,1.1301426961505894e+17,5.650713480752947e+16,2.5428210663388262e+17,1.695214044225884e+17,2.5428210663388262e+17,5.650713480752947e+16,3.390428088451768e+17,5.0856421326776525e+17,1.4126783701882368e+17,1.9777497182635315e+17
2017-05-17 00:00:00 UTC,1.6406876434082323e+17,7.109646454769006e+17,3.554823227384503e+17,2.1875835245443094e+17,2.734479405680387e+17,2.4610314651123485e+17,1.3672397028401934e+17,4.648614989656658e+17,1.6406876434082323e+17,4.375167049088619e+17,5.4689588113607736e+16,1.6406876434082323e+17,4.922062930224697e+17,2.4610314651123485e+17,1.0937917622721547e+17
2017-05-18 00:00:00 UTC,8.416744453168542e+16,4.7694885234621734e+17,4.2083722265842714e+17,1.96390703907266e+17,3.366697781267417e+17,2.8055814843895142e+17,1.4027907421947571e+17,5.050046671901125e+17,1.6833488906337085e+17,4.2083722265842714e+17,2.805581484389514e+16,2.5250233359505626e+17,3.366697781267417e+17,2.5250233359505626e+17,8.416744453168542e+16
2017-05-19 00:00:00 UTC,2.209971442583971e+17,9.392378630981875e+17,2.4862178729069674e+17,4.143696454844945e+17,4.143696454844945e+17,5.524928606459927e+16,1.657478581937978e+17,6.07742146710592e+17,1.9337250122609747e+17,4.6961893154909376e+17,,1.657478581937978e+17,3.314957163875956e+17,2.4862178729069674e+17,5.524928606459927e+16
2017-05-20 00:00:00 UTC,5.57397022267097e+16,7.524859800605809e+17,3.344382133602582e+17,3.901779155869679e+17,5.0165732004038726e+17,1.672191066801291e+17,1.672191066801291e+17,4.459176178136776e+17,8.360955334006454e+16,5.5739702226709696e+17,5.57397022267097e+16,3.344382133602582e+17,4.737874689270324e+17,1.672191066801291e+17,1.114794044534194e+17
2017-05-21 00:00:00 UTC,1.1206638421686178e+17,8.124812855722478e+17,5.0429872897587795e+17,4.202489408132317e+17,1.961161723795081e+17,1.961161723795081e+17,1.4008298027107723e+17,2.8016596054215446e+17,5.603319210843089e+16,3.0818255659636986e+17,,1.4008298027107723e+17,6.163651131927397e+17,3.0818255659636986e+17,2.8016596054215444e+16
2017-05-22 00:00:00 UTC,8.390513088466603e+16,6.432726701157729e+17,4.195256544233301e+17,3.6358890050021946e+17,3.915572774617748e+17,1.6781026176933206e+17,8.390513088466603e+16,2.5171539265399808e+17,1.1187350784622138e+17,3.915572774617748e+17,2.7968376961555344e+16,1.6781026176933206e+17,5.593675392311068e+17,3.0765214657710874e+17,1.1187350784622138e+17
2017-05-23 00:00:00 UTC,1.437691107585976e+17,8.051070202481466e+17,4.888149765792319e+17,2.5878439936547568e+17,4.3130733227579283e+17,2.0127675506203664e+17,1.7252293291031712e+17,3.1629204366891475e+17,8.626146645515856e+16,4.025535101240733e+17,,2.0127675506203664e+17,8.051070202481466e+17,4.025535101240733e+17,1.1501528860687808e+17
2017-05-24 00:00:00 UTC,2.6788215261848317e+17,7.738817742311736e+17,2.9764683624275904e+17,2.0835278536993136e+17,6.25058356109794e+17,2.0835278536993136e+17,1.1905873449710365e+17,1.7858810174565546e+17,1.1905873449710365e+17,6.25058356109794e+17,5.952936724855182e+16,1.1905873449710365e+17,6.548230397340699e+17,2.6788215261848317e+17,5.952936724855182e+16
2017-05-25 00:00:00 UTC,2.649031855246088e+17,8.830106184153626e+17,6.181074328907539e+17,2.943368728051209e+17,5.003726837687055e+17,1.4716843640256045e+17,2.649031855246088e+17,3.2377056008563296e+17,1.7660212368307254e+17,2.943368728051209e+17,5.886737456102418e+16,3.2377056008563296e+17,4.415053092076813e+17,1.4716843640256045e+17,5.886737456102418e+16
2017-05-26 00:00:00 UTC,1.5119177869708595e+17,8.164356049642642e+17,5.140520475700922e+17,4.2333698035184064e+17,2.7214520165475472e+17,1.2095342295766877e+17,1.2095342295766877e+17,3.3262191313358906e+17,6.047671147883438e+16,4.838136918306751e+17,3.023835573941719e+16,2.1166849017592032e+17,9.071506721825157e+17,1.2095342295766877e+17,6.047671147883438e+16
2017-05-27 00:00:00 UTC,1.451273046525e+17,6.095346795405e+17,5.8050921861e+17,2.6122914837449997e+17,5.2245829674899994e+17,3.1928007023549997e+17,5.805092186099999e+16,2.90254609305e+17,8.707638279149998e+16,6.095346795405e+17,5.805092186099999e+16,2.6122914837449997e+17,7.836874451235e+17,1.451273046525e+17,1.451273046525e+17
2017-05-28 00:00:00 UTC,1.483919958749703e+17,7.122815801998574e+17,5.6388958432488723e+17,2.967839917499406e+17,3.561407900999287e+17,2.967839917499406e+17,1.7807039504996435e+17,2.6710559257494656e+17,5.935679834998813e+16,4.74854386799905e+17,1.1871359669997626e+17,3.2646239092493466e+17,7.716383785498456e+17,2.0774879422495846e+17,1.1871359669997626e+17
2017-05-29 00:00:00 UTC,1.1827882874182277e+17,7.392426796363924e+17,5.91394143709114e+17,2.6612736466910125e+17,2.95697071854557e+17,1.7741824311273418e+17,1.1827882874182277e+17,2.6612736466910125e+17,1.478485359272785e+17,2.95697071854557e+17,8.870912155636709e+16,2.3655765748364554e+17,8.870912155636708e+17,1.7741824311273418e+17,5.9139414370911384e+16
2017-05-30 00:00:00 UTC,2.0743850240202435e+17,7.704858660646619e+17,7.112177225212264e+17,7.112177225212264e+17,3.2597478948889536e+17,1.778044306303066e+17,1.778044306303066e+17,6.223155072060731e+17,1.1853628708687106e+17,2.963407177171776e+17,1.1853628708687106e+17,2.963407177171776e+17,4.741451483474842e+17,1.778044306303066e+17,1.1853628708687106e+17
2017-05-31 00:00:00 UTC,5.9389853927313176e+16,9.205427358733541e+17,5.6420361230947514e+17,3.860340505275356e+17,4.1572897749119226e+17,1.1877970785462635e+17,1.484746348182829e+17,4.454239044548488e+17,8.908478089096974e+16,4.454239044548488e+17,2.9694926963656588e+16,2.0786448874559613e+17,7.12678247127758e+17,2.375594157092527e+17,8.908478089096976e+16
2017-06-01 00:00:00 UTC,1.484849711583953e+17,1.0690917923404462e+18,5.6424289040190214e+17,2.969699423167906e+17,6.236368788652603e+17,1.7818196539007437e+17,1.484849711583953e+17,3.266669365484697e+17,8.909098269503718e+16,5.6424289040190214e+17,1.1878797692671624e+17,1.1878797692671624e+17,5.939398846335812e+17,1.7818196539007437e+17,2.969699423167906e+16
2017-06-02 00:00:00 UTC,1.4975163794958186e+17,6.289568793882437e+17,5.990065517983274e+17,2.096522931294146e+17,3.893542586689128e+17,1.1980131035966547e+17,1.797019655394982e+17,2.995032758991637e+17,2.995032758991637e+16,5.3910589661849466e+17,5.990065517983274e+16,1.4975163794958186e+17,5.69056224208411e+17,2.3960262071933094e+17,2.096522931294146e+17
2017-06-03 00:00:00 UTC,1.1762923627742811e+17,9.70441199288782e+17,8.822192720807109e+17,2.3525847255485622e+17,3.234803997629273e+17,2.0585116348549923e+17,1.7644385441614218e+17,4.1170232697099846e+17,1.1762923627742811e+17,5.5873887231778355e+17,1.1762923627742811e+17,3.8229501790164134e+17,6.763681085952116e+17,3.234803997629273e+17,1.4703654534678515e+17
2017-06-04 00:00:00 UTC,9.337368603894243e+16,8.09238612337501e+17,7.781140503245202e+17,4.046193061687505e+17,3.734947441557697e+17,2.801210581168273e+17,1.5562281006490403e+17,2.1787193409086566e+17,6.224912402596162e+16,4.979929922076929e+17,6.224912402596162e+16,2.4899649610384646e+17,5.913666782466354e+17,3.423701821427889e+17,9.337368603894243e+16
2017-06-05 00:00:00 UTC,,9.119346658691802e+17,5.066303699273223e+17,5.066303699273223e+17,4.728550119321675e+17,2.7020286396123856e+17,3.0397822195639334e+17,6.079564439127867e+17,1.6887678997577408e+17,2.7020286396123856e+17,1.3510143198061928e+17,3.3775357995154816e+17,7.768332338885609e+17,1.6887678997577408e+17,1.0132607398546445e+17
2017-06-06 00:00:00 UTC,1.0105328292361749e+17,1.0442172568773806e+18,6.063196975417048e+17,3.7052870405326406e+17,1.6842213820602915e+17,3.031598487708524e+17,1.0105328292361749e+17,3.031598487708524e+17,,4.715819869768816e+17,1.6842213820602915e+17,2.357909934884408e+17,8.757951186713514e+17,1.6842213820602915e+17,1.6842213820602915e+17
2017-06-07 00:00:00 UTC,1.0071000361473728e+17,9.063900325326355e+17,7.049700253031608e+17,4.69980016868774e+17,5.035500180736864e+17,1.6785000602456214e+17,2.34990008434387e+17,3.692700132540367e+17,3.3570001204912424e+16,5.7069002048351123e+17,1.0071000361473728e+17,2.685600096392994e+17,8.056800289178982e+17,2.34990008434387e+17,6.714000240982485e+16
2017-06-08 00:00:00 UTC,1.0186304623806035e+17,9.507217648885635e+17,7.809500211584628e+17,4.414065336982615e+17,3.734978362062213e+17,2.037260924761207e+17,2.7163478996816096e+17,5.432695799363219e+17,,3.395434874602012e+17,1.0186304623806035e+17,3.0558913871418106e+17,7.469956724124426e+17,3.395434874602012e+17,1.0186304623806035e+17
2017-06-09 00:00:00 UTC,2.01188332867287e+17,9.053474979027916e+17,7.37690553846719e+17,4.02376665734574e+17,3.35313888112145e+17,2.347197216785015e+17,2.347197216785015e+17,2.347197216785015e+17,2.01188332867287e+17,3.688452769233595e+17,3.3531388811214504e+16,2.6825111048971603e+17,5.700336097906466e+17,2.01188332867287e+17,1.3412555524485802e+17
2017-06-10 00:00:00 UTC,3.3903409522786028e+16,5.763579618873624e+17,5.763579618873624e+17,5.085511428417904e+17,2.373238666595022e+17,1.3561363809114411e+17,2.0342045713671616e+17,3.390340952278603e+17,2.0342045713671616e+17,4.407443237962184e+17,1.0171022856835808e+17,2.0342045713671616e+17,7.119715999785065e+17,3.390340952278603e+17,1.6951704761393014e+17
2017-06-11 00:00:00 UTC,,6.765810607676849e+17,6.765810607676849e+17,6.089229546909165e+17,3.0446147734545824e+17,2.3680337126868973e+17,1.691452651919212e+17,5.074357955757637e+17,,4.7360674253737946e+17,1.0148715911515274e+17,2.7063242430707395e+17,8.457263259596061e+17,6.765810607676849e+16,
2017-06-12 00:00:00 UTC,1.3587594992534693e+17,9.511316494774285e+17,5.435037997013877e+17,4.0762784977604077e+17,3.7365886229470406e+17,3.3968987481336736e+17,1.3587594992534693e+17,2.7175189985069386e+17,1.0190696244401019e+17,4.7556582473871424e+17,6.7937974962673464e+16,4.0762784977604077e+17,4.7556582473871424e+17,2.0381392488802038e+17,1.0190696244401019e+17
2017-06-13 00:00:00 UTC,6.6693795031818024e+16,8.336724378977252e+17,7.669786428659073e+17,2.3342828261136307e+17,4.3350966770681715e+17,2.667751801272721e+17,2.0008138509545408e+17,2.3342828261136307e+17,3.3346897515909012e+16,4.6685656522272614e+17,,1.3338759006363605e+17,7.002848478340892e+17,3.334689751590901e+17,3.3346897515909012e+16
2017-06-14 00:00:00 UTC,6.741169542809771e+16,7.752344974231237e+17,6.74116954280977e+17,4.3817602028263514e+17,3.033526294264397e+17,2.0223508628429315e+17,6.741169542809771e+16,1.6852923857024426e+17,6.741169542809771e+16,4.044701725685863e+17,1.3482339085619542e+17,3.033526294264397e+17,6.404111065669283e+17,3.707643248545374e+17,1.0111754314214656e+17
2017-06-15 00:00:00 UTC,1.6790801134855034e+17,9.738664658215919e+17,5.03724034045651e+17,5.373056363153611e+17,4.701424317759409e+17,1.6790801134855034e+17,1.007448068091302e+17,2.3507121588797046e+17,1.3432640907884027e+17,4.365608295062309e+17,1.007448068091302e+17,2.014896136182604e+17,8.059584544730417e+17,2.3507121588797046e+17,6.7163204539420136e+16
2017-06-16 00:00:00 UTC,1.018144265230958e+17,8.82391696533497e+17,9.163298387078621e+17,3.393814217436527e+17,8.145154121847665e+17,1.6969071087182634e+17,6.7876284348730536e+16,2.036288530461916e+17,6.7876284348730536e+16,1.6969071087182634e+17,6.7876284348730536e+16,1.3575256869746107e+17,6.787628434873053e+17,2.375669952205569e+17,1.6969071087182634e+17
2017-06-17 00:00:00 UTC,6.8213319982207176e+16,9.208798197597969e+17,6.139198798398646e+17,3.4106659991103584e+17,2.728532799288287e+17,2.3874661993772512e+17,2.728532799288287e+17,2.046399599466215e+17,3.4106659991103588e+16,5.79813219848761e+17,1.0231997997331075e+17,2.728532799288287e+17,6.821331998220717e+17,2.046399599466215e+17,1.3642663996441434e+17
2017-06-18 00:00:00 UTC,1.0455077610800731e+17,4.530533631346984e+17,5.924543979453747e+17,6.621549153507131e+17,4.1820310443202925e+17,3.48502587026691e+17,3.4850258702669104e+16,3.48502587026691e+17,6.970051740533821e+16,4.1820310443202925e+17,1.0455077610800731e+17,1.3940103481067642e+17,9.409569849720659e+17,3.1365232832402195e+17,1.0455077610800731e+17
2017-06-19 00:00:00 UTC,7.048646845019385e+16,9.163240898525201e+17,8.810808556274231e+17,4.5816204492626003e+17,4.934052791513569e+17,3.171891080258723e+17,2.1145940535058154e+17,2.4670263957567846e+17,7.048646845019385e+16,3.171891080258723e+17,1.0572970267529077e+17,2.4670263957567846e+17,5.991349818266477e+17,3.876755764760661e+17,7.048646845019385e+16
2017-06-20 00:00:00 UTC,1.7678689855706688e+17,8.839344927853345e+17,7.778623536510943e+17,2.4750165797989366e+17,3.5357379711413376e+17,1.0607213913424014e+17,1.0607213913424014e+17,7.071475942282677e+16,1.4142951884565354e+17,3.8893117682554714e+17,1.4142951884565354e+17,2.121442782684803e+17,9.546492522081613e+17,2.121442782684803e+17,1.4142951884565354e+17
2017-06-21 00:00:00 UTC,1.0489880429235446e+17,1.0489880429235446e+18,7.692578981439328e+17,4.8952775336432083e+17,1.7483134048725744e+17,1.7483134048725744e+17,3.496626809745149e+17,1.3986507238980595e+17,1.0489880429235446e+17,3.846289490719664e+17,1.0489880429235446e+17,2.4476387668216042e+17,6.293928257541267e+17,1.0489880429235446e+17,1.0489880429235446e+17
2017-06-22 00:00:00 UTC,7.066571552642662e+16,8.833214440803328e+17,6.713242975010529e+17,4.2399429315855974e+17,2.826628621057065e+17,3.179957198689198e+17,1.7666428881606656e+17,1.0599857328963994e+17,1.4133143105285325e+17,6.713242975010529e+17,3.533285776321331e+16,1.7666428881606656e+17,5.65325724211413e+17,2.1199714657927987e+17,1.7666428881606656e+17
2017-06-23 00:00:00 UTC,7.244605007492013e+16,9.417986509739617e+17,9.055756259365016e+17,3.6223025037460064e+17,5.071223505244408e+17,2.173381502247604e+17,2.897842002996805e+17,7.244605007492013e+16,7.244605007492013e+16,5.433453755619009e+17,1.086690751123802e+17,4.346763004495208e+17,8.693526008990415e+17,2.173381502247604e+17,1.8111512518730032e+17
2017-06-24 00:00:00 UTC,6.923714714681383e+16,7.616086186149521e+17,8.308457657617659e+17,3.115671621606622e+17,2.0771144144044147e+17,3.8080430930747603e+17,1.7309286786703456e+17,2.4233001501384842e+17,6.923714714681383e+16,6.923714714681382e+17,,2.0771144144044147e+17,9.000829129085798e+17,1.3847429429362766e+17,6.923714714681383e+16
2017-06-25 00:00:00 UTC,3.5340619365857464e+16,5.301092904878619e+17,6.714717679512918e+17,3.8874681302443206e+17,3.534061936585746e+17,2.4738433556100224e+17,7.068123873171493e+16,2.1204371619514477e+17,1.4136247746342986e+17,3.8874681302443206e+17,,3.534061936585746e+17,6.361311485854342e+17,2.4738433556100224e+17,3.5340619365857464e+16
2017-06-26 00:00:00 UTC,7.0417457198730904e+16,7.7459202918604e+17,6.689658433879436e+17,3.168785573942891e+17,4.225047431923855e+17,1.0562618579809637e+17,3.168785573942891e+17,1.4083491439746181e+17,1.7604364299682726e+17,5.281309289904818e+17,3.5208728599365452e+16,1.7604364299682726e+17,1.091470586580329e+18,2.1125237159619274e+17,
2017-06-27 00:00:00 UTC,1.4075223054800909e+17,7.741372680140499e+17,7.389492103770477e+17,1.7594028818501136e+17,3.166925187330204e+17,2.463164034590159e+17,1.0556417291100682e+17,1.0556417291100682e+17,1.4075223054800909e+17,7.037611527400454e+17,3.518805763700227e+16,2.8150446109601818e+17,4.2225669164402726e+17,3.166925187330204e+17,1.4075223054800909e+17
2017-06-28 00:00:00 UTC,1.0638099990061968e+17,8.155876659047508e+17,1.1701909989068165e+18,3.546033330020656e+17,3.546033330020656e+17,1.4184133320082624e+17,1.0638099990061968e+17,3.546033330020656e+17,7.092066660041312e+16,6.028256661035116e+17,1.4184133320082624e+17,1.773016665010328e+17,7.801273326045443e+17,2.482223331014459e+17,1.4184133320082624e+17
2017-06-29 00:00:00 UTC,3.5167006336989332e+16,8.44008152087744e+17,6.33006114065808e+17,2.4616904435892534e+17,2.4616904435892534e+17,2.11002038021936e+17,1.05501019010968e+17,1.05501019010968e+17,,5.978391077288187e+17,3.5167006336989332e+16,2.8133605069591466e+17,6.33006114065808e+17,1.4066802534795733e+17,1.05501019010968e+17
2017-06-30 00:00:00 UTC,3.525827545776697e+16,8.814568864441742e+17,7.404237846131064e+17,4.583575809509706e+17,4.2309930549320365e+17,3.525827545776697e+17,2.1154965274660182e+17,2.4680792820436877e+17,3.525827545776697e+16,7.051655091553394e+17,7.051655091553394e+16,2.1154965274660182e+17,8.461986109864073e+17,1.4103310183106787e+17,1.0577482637330091e+17
2017-07-01 00:00:00 UTC,3.55879033066072e+16,1.1388129058114304e+18,7.473459694387511e+17,6.405822595189295e+17,4.2705483967928634e+17,2.847032264528576e+17,1.0676370991982158e+17,1.77939516533036e+17,1.423516132264288e+17,4.2705483967928634e+17,1.423516132264288e+17,2.491153231462504e+17,1.067637099198216e+18,1.423516132264288e+17,1.0676370991982158e+17
2017-07-02 00:00:00 UTC,3.523250952172532e+16,1.0217427761300343e+18,7.751152094779571e+17,7.046501904345064e+17,3.523250952172532e+17,4.580226237824292e+17,7.046501904345064e+16,2.8186007617380256e+17,2.4662756665207722e+17,9.865102666083089e+17,1.761625476086266e+17,2.8186007617380256e+17,8.808127380431329e+17,2.113950571303519e+17,1.4093003808690128e+17
2017-07-03 00:00:00 UTC,7.013385942808612e+16,1.542944907417895e+18,8.766732428510766e+17,4.2080315656851674e+17,5.96137805138732e+17,2.8053543771234448e+17,7.013385942808612e+16,1.4026771885617224e+17,1.753346485702153e+17,4.909370159966028e+17,2.454685079983014e+17,2.1040157828425837e+17,6.31204734852775e+17,1.753346485702153e+17,3.506692971404306e+16
2017-07-04 00:00:00 UTC,1.0678916664967254e+17,9.611024998470529e+17,7.83120555430932e+17,2.8477111106579347e+17,3.203674999490176e+17,2.8477111106579347e+17,2.135783332993451e+17,1.4238555553289674e+17,1.0678916664967254e+17,4.983494443651385e+17,2.4917472218256925e+17,2.8477111106579347e+17,9.255061109638287e+17,2.4917472218256925e+17,3.5596388883224184e+16
2017-07-05 00:00:00 UTC,,8.033923099933658e+17,6.28741807820895e+17,1.7465050217247082e+17,5.239515065174124e+17,2.7944080347595328e+17,3.493010043449416e+16,3.4930100434494163e+17,6.986020086898832e+16,4.5409130564842406e+17,3.143709039104475e+17,3.842311047794358e+17,7.684622095588716e+17,3.143709039104475e+17,1.0479030130348248e+17
2017-07-06 00:00:00 UTC,3.534218801045148e+16,8.12870324240384e+17,6.361593841881266e+17,6.008171961776751e+17,2.1205312806270886e+17,3.534218801045148e+17,2.1205312806270886e+17,2.8273750408361184e+17,1.0602656403135443e+17,3.180796920940633e+17,1.767109400522574e+17,2.4739531607316032e+17,6.361593841881266e+17,2.8273750408361184e+17,1.0602656403135443e+17
2017-07-07 00:00:00 UTC,7.197392273218677e+16,9.356609955184279e+17,7.197392273218676e+17,2.519087295626537e+17,6.117783432235875e+17,4.6783049775921395e+17,2.519087295626537e+17,2.519087295626537e+17,3.5986961366093384e+16,2.519087295626537e+17,1.799348068304669e+17,3.598696136609338e+17,5.7579138185749414e+17,2.159217681965603e+17,1.4394784546437354e+17
2017-07-08 00:00:00 UTC,6.901431298943539e+16,1.1042290078309663e+18,5.5211450391548314e+17,2.415500954630239e+17,4.831001909260478e+17,3.7957872144189466e+17,2.0704293896830618e+17,2.7605725195774157e+17,2.415500954630239e+17,4.1408587793661235e+17,6.901431298943539e+16,3.1056440845245926e+17,1.035214694841531e+18,2.0704293896830618e+17,1.0352146948415309e+17
2017-07-09 00:00:00 UTC,3.503625139814993e+16,7.707975307592983e+17,7.707975307592983e+17,2.8029001118519942e+17,2.8029001118519942e+17,1.7518125699074966e+17,1.4014500559259971e+17,1.0510875419444978e+17,2.1021750838889955e+17,4.204350167777991e+17,3.503625139814993e+17,2.1021750838889955e+17,6.306525251666988e+17,3.153262625833494e+17,1.4014500559259971e+17
2017-07-10 00:00:00 UTC,1.0588148721422392e+17,1.6941037954275827e+18,9.176395558566074e+17,4.588197779283037e+17,3.5293829071407974e+17,2.470568034998558e+17,7.058765814281594e+16,2.470568034998558e+17,2.470568034998558e+17,8.470518977137914e+17,2.1176297442844784e+17,4.235259488568957e+17,7.411704104995674e+17,2.8235063257126374e+17,1.058814872142239e+17
2017-07-11 00:00:00 UTC,7.125778106359999e+16,1.5320422928674e+18,1.0332378254221999e+18,3.56288905318e+17,4.2754668638159994e+17,1.0688667159539998e+17,7.125778106359999e+16,1.78144452659e+17,2.1377334319079997e+17,6.769489201042e+17,7.125778106359999e+16,3.56288905318e+17,5.7006224850879994e+17,4.2754668638159994e+17,7.125778106359999e+16
2017-07-12 00:00:00 UTC,1.3995329316642328e+17,1.0146613754565687e+18,6.997664658321164e+17,5.248248493740873e+17,6.647781425405106e+17,3.8487155620766406e+17,3.498832329160582e+16,1.3995329316642328e+17,1.0496496987481746e+17,6.297898192489048e+17,2.099299397496349e+17,4.5484820279087565e+17,8.397197589985396e+17,2.4491826304124077e+17,1.0496496987481746e+17
2017-07-13 00:00:00 UTC,3.514954304624077e+16,1.4059817218496305e+18,7.029908609248152e+17,3.866449735086484e+17,3.514954304624076e+17,3.866449735086484e+17,2.8119634436992614e+17,1.757477152312038e+17,3.514954304624077e+16,4.2179451655488915e+17,1.757477152312038e+17,1.0544862913872229e+17,4.2179451655488915e+17,4.920936026473707e+17,1.4059817218496306e+17
2017-07-14 00:00:00 UTC,3.7732159054148344e+16,1.094232612570302e+18,7.546431810829668e+17,4.1505374959563174e+17,3.773215905414834e+17,2.2639295432489008e+17,7.546431810829669e+16,3.7732159054148344e+16,1.1319647716244504e+17,2.641251133790384e+17,3.395894314873351e+17,3.0185727243318675e+17,7.923753401371153e+17,3.395894314873351e+17,7.546431810829669e+16
2017-07-15 00:00:00 UTC,4.037353538520504e+16,1.4130737384821765e+18,4.441088892372555e+17,2.826147476964353e+17,3.229882830816403e+17,3.229882830816403e+17,2.826147476964353e+17,1.2112060615561512e+17,4.037353538520504e+16,2.826147476964353e+17,2.826147476964353e+17,4.037353538520504e+17,5.652294953928706e+17,2.826147476964353e+17,4.037353538520504e+16
2017-07-16 00:00:00 UTC,,1.1166550850074811e+18,9.17252391256145e+17,4.7856646500320614e+17,6.380886200042748e+17,4.7856646500320614e+17,1.1964161625080154e+17,2.7916377125187027e+17,1.994026937513359e+17,6.380886200042748e+17,1.595221550010687e+17,2.7916377125187027e+17,7.976107750053436e+17,1.994026937513359e+17,1.9940269375133587e+17
2017-07-17 00:00:00 UTC,1.9917741114328445e+17,1.6730902536035894e+18,7.568741623444809e+17,5.178612689725396e+17,3.58519340057912e+17,2.3901289337194134e+17,2.3901289337194134e+17,2.7884837560059824e+17,7.967096445731378e+16,3.186838578292551e+17,7.967096445731378e+16,7.967096445731378e+16,7.17038680115824e+17,2.3901289337194134e+17,1.1950644668597066e+17
2017-07-18 00:00:00 UTC,7.95728079650463e+16,1.3925241393883103e+18,9.548736955805555e+17,3.978640398252315e+17,4.7743684779027776e+17,2.7850482787766208e+17,1.591456159300926e+17,1.591456159300926e+17,1.591456159300926e+17,3.5807763584270835e+17,1.591456159300926e+17,1.9893201991261574e+17,1.1538057154931712e+18,3.5807763584270835e+17,2.78504827877662e+17
2017-07-19 00:00:00 UTC,,1.2479052562247808e+18,8.051001653063101e+17,3.6229507438783955e+17,5.233151074491016e+17,2.0127504132657754e+17,4.025500826531551e+17,8.0510016530631e+16,1.61020033061262e+17,6.038251239797326e+17,2.0127504132657754e+17,1.61020033061262e+17,9.258651901022566e+17,2.4153004959189302e+17,8.0510016530631e+16
2017-07-20 00:00:00 UTC,7.96379128230232e+16,1.8316719949295337e+18,6.769222589956973e+17,5.97284346172674e+17,5.5746538976116243e+17,1.592758256460464e+17,3.185516512920928e+17,1.1945686923453482e+17,7.96379128230232e+16,2.3891373846906963e+17,1.99094782057558e+17,7.96379128230232e+16,9.954739102877901e+17,3.98189564115116e+17,1.194568692345348e+17
2017-07-21 00:00:00 UTC,,1.3230974807418985e+18,6.815956718973417e+17,7.216895349501265e+17,4.00938630527848e+17,2.4056317831670883e+17,4.00938630527848e+17,2.00469315263924e+17,1.2028158915835442e+17,4.410324935806328e+17,4.009386305278481e+16,2.00469315263924e+17,9.622527132668353e+17,3.6084476747506323e+17,8.018772610556962e+16
2017-07-22 00:00:00 UTC,7.9777651039599e+16,1.435997718712782e+18,5.983323827969925e+17,7.9777651039599e+17,5.1855473175739354e+17,3.98888255197995e+17,2.39332953118797e+17,1.196664765593985e+17,2.7922177863859648e+17,4.78665906237594e+17,1.59555302079198e+17,3.19110604158396e+17,7.17998859356391e+17,2.39332953118797e+17,
2017-07-23 00:00:00 UTC,1.2083681908021552e+17,1.9333891052834483e+18,9.666945526417242e+17,5.236262160142672e+17,4.833472763208621e+17,4.430683366274569e+17,2.8195257785383622e+17,4.027893969340517e+16,2.8195257785383622e+17,2.8195257785383622e+17,1.6111575877362067e+17,8.055787938681034e+16,8.861366732549138e+17,2.8195257785383622e+17,1.6111575877362067e+17
2017-07-24 00:00:00 UTC,7.965994419803472e+16,1.672858828158729e+18,7.567694698813298e+17,6.372795535842778e+17,5.974495814852604e+17,3.186397767921389e+17,2.3897983259410416e+17,1.991498604950868e+17,2.788098046931215e+17,4.38129693089191e+17,4.38129693089191e+17,1.991498604950868e+17,6.372795535842778e+17,4.38129693089191e+17,1.5931988839606944e+17
2017-07-25 00:00:00 UTC,,1.1237886866144948e+18,9.231121354333349e+17,6.020296535434794e+17,5.217590330710155e+17,1.2040593070869587e+17,2.4081186141739174e+17,2.4081186141739174e+17,1.2040593070869587e+17,6.020296535434794e+17,3.210824818898557e+17,8.027062047246392e+16,6.823002740159433e+17,1.2040593070869587e+17,2.4081186141739178e+17
2017-07-26 00:00:00 UTC,1.591786066947589e+17,9.948662918422432e+17,9.550716401685535e+17,4.37741168410587e+17,3.9794651673689734e+17,3.183572133895178e+17,3.183572133895178e+17,7.958930334737946e+16,1.9897325836844867e+17,4.7753582008427674e+17,2.785625617158281e+17,3.183572133895178e+17,4.37741168410587e+17,3.5815186506320755e+17,1.1938395502106918e+17
2017-07-27 00:00:00 UTC,1.2560683244707227e+17,1.465413045215843e+18,6.699031063843855e+17,7.117720505334095e+17,5.024273297882891e+17,2.5121366489414454e+17,2.0934472074512042e+17,2.9308260904316864e+17,2.5121366489414454e+17,4.6055838563926496e+17,1.2560683244707227e+17,3.349515531921928e+17,6.699031063843855e+17,2.9308260904316864e+17,8.37378882980482e+16
2017-07-28 00:00:00 UTC,4.2351100328455336e+16,1.27053300985366e+18,6.776176052552854e+17,6.776176052552854e+17,2.1175550164227667e+17,2.964577022991873e+17,1.27053300985366e+17,2.964577022991873e+17,2.1175550164227667e+17,5.5056430426991936e+17,8.470220065691067e+16,2.964577022991873e+17,8.046709062406514e+17,6.776176052552854e+17,1.2705330098536602e+17
2017-07-29 00:00:00 UTC,8.570426802880574e+16,1.585528958532906e+18,7.713384122592516e+17,6.85634144230446e+17,5.5707774218723725e+17,1.2855640204320859e+17,4.285213401440287e+17,2.5711280408641718e+17,1.714085360576115e+17,1.2855640204320859e+17,2.1426067007201434e+17,2.5711280408641718e+17,8.570426802880573e+17,5.1422560817283437e+17,8.570426802880574e+16
2017-07-30 00:00:00 UTC,2.1475135667184662e+17,1.2885081400310797e+18,6.442540700155398e+17,8.160551553530171e+17,4.2950271334369325e+17,2.577016280062159e+17,1.7180108533747728e+17,4.2950271334369325e+17,1.2885081400310795e+17,2.1475135667184662e+17,1.2885081400310795e+17,1.2885081400310795e+17,1.0308065120248636e+18,3.006518993405852e+17,1.2885081400310795e+17
2017-07-31 00:00:00 UTC,4.250359839463655e+16,1.1901007550498235e+18,5.950503775249117e+17,4.6753958234100205e+17,6.375539759195483e+17,3.400287871570924e+17,3.400287871570924e+17,3.8253238555172896e+17,8.50071967892731e+16,8.925755662873676e+17,1.2751079518390965e+17,2.550215903678193e+17,6.375539759195483e+17,1.2751079518390965e+17,4.250359839463655e+16
2017-08-01 00:00:00 UTC,4.322210213446168e+16,1.3831072683027738e+18,7.347757362858486e+17,6.483315320169252e+17,2.161105106723084e+17,1.7288840853784672e+17,3.0255471494123174e+17,4.754431234790785e+17,4.322210213446168e+16,6.051094298824635e+17,1.7288840853784672e+17,1.7288840853784672e+17,9.941083490926186e+17,4.754431234790785e+17,
2017-08-02 00:00:00 UTC,8.46517422489125e+16,1.1427985203603188e+18,9.734950358624938e+17,8.46517422489125e+17,5.502363246179313e+17,3.8093284012010624e+17,3.8093284012010624e+17,8.46517422489125e+16,8.46517422489125e+16,5.502363246179313e+17,1.2697761337336875e+17,2.962810978711937e+17,6.772139379913e+17,2.1162935562228125e+17,4.232587112445625e+16
2017-08-03 00:00:00 UTC,,9.394454108249249e+17,4.6972270541246246e+17,1.0248495390817364e+18,3.4161651302724544e+17,1.7080825651362272e+17,4.2702064128405677e+17,1.2810619238521706e+17,4.270206412840568e+16,5.978288977976795e+17,1.2810619238521706e+17,2.1351032064202838e+17,9.821474749533307e+17,3.8431857715565114e+17,8.540412825681136e+16
2017-08-04 00:00:00 UTC,8.658500112381587e+16,1.904870024723949e+18,5.195100067428952e+17,8.225575106762508e+17,3.463400044952635e+17,5.195100067428952e+17,2.597550033714476e+17,2.597550033714476e+17,1.298775016857238e+17,6.06095007866711e+17,3.8963250505717146e+17,4.329250056190793e+17,9.957275129238825e+17,3.8963250505717146e+17,8.658500112381587e+16
2017-08-05 00:00:00 UTC,1.2667286710127254e+17,1.8156444284515732e+18,9.289343587426655e+17,7.178129135738778e+17,4.6446717937133274e+17,2.111214451687876e+17,2.111214451687876e+17,2.111214451687876e+17,4.222428903375752e+16,4.6446717937133274e+17,3.3779431227006016e+17,3.8001860130381766e+17,1.1822800929452106e+18,3.3779431227006016e+17,4.222428903375752e+16
2017-08-06 00:00:00 UTC,8.605159637716986e+16,1.3337997438461327e+18,6.453869728287739e+17,7.744643673945286e+17,4.302579818858493e+17,2.581547891315096e+17,2.581547891315096e+17,2.581547891315096e+17,1.290773945657548e+17,5.593353764516041e+17,1.290773945657548e+17,1.721031927543397e+17,5.593353764516041e+17,2.1512899094292464e+17,2.1512899094292464e+17
2017-08-07 00:00:00 UTC,1.301428472455453e+17,9.543808798006653e+17,6.940951853095749e+17,7.808570834732717e+17,5.6395233806402963e+17,3.03666643572939e+17,5.6395233806402963e+17,8.676189816369686e+16,8.676189816369686e+16,3.9042854173663584e+17,8.676189816369686e+16,5.205713889821812e+17,9.977618288825138e+17,4.771904399003327e+17,
2017-08-08 00:00:00 UTC,1.2503949405323998e+17,1.29207477188348e+18,8.335966270216e+17,7.9191679567052e+17,3.3343865080864e+17,2.9175881945756e+17,3.3343865080864e+17,3.3343865080864e+17,1.2503949405323998e+17,5.4183780756404e+17,4.5847814486188e+17,2.9175881945756e+17,8.335966270216e+17,1.2503949405323998e+17,1.2503949405323998e+17
2017-08-09 00:00:00 UTC,1.2897789807101354e+17,1.4617495114714867e+18,9.028452864970948e+17,6.448894903550676e+17,3.439410615227028e+17,2.149631634516892e+17,1.2897789807101354e+17,3.009484288323649e+17,,5.58904224974392e+17,1.719705307613514e+17,3.009484288323649e+17,5.58904224974392e+17,1.719705307613514e+17,8.59852653806757e+16
2017-08-10 00:00:00 UTC,9.202691783266298e+16,1.2883768496572815e+18,8.282422604939668e+17,9.202691783266298e+17,2.7608075349798893e+17,2.3006729458165744e+17,2.3006729458165744e+17,3.681076713306519e+17,1.3804037674899446e+17,4.141211302469834e+17,2.3006729458165744e+17,1.8405383566532595e+17,7.362153426613038e+17,4.601345891633149e+16,1.8405383566532595e+17
2017-08-11 00:00:00 UTC,4.1253181809964435e+17,1.5126166663653627e+18,8.250636361992887e+17,6.417161614883356e+17,4.5836868677738266e+17,2.2918434338869133e+17,1.3751060603321478e+17,3.208580807441678e+17,4.583686867773826e+16,4.5836868677738266e+17,9.167373735547651e+16,2.2918434338869133e+17,8.70900504877027e+17,1.8334747471095302e+17,1.8334747471095302e+17
2017-08-12 00:00:00 UTC,1.836893388571129e+17,1.1480583678569555e+18,9.643690289998427e+17,7.347573554284516e+17,4.13301012428504e+17,2.296116735713911e+17,3.673786777142258e+17,3.214563429999475e+17,,3.214563429999475e+17,9.184466942855645e+16,2.7553400828566934e+17,9.643690289998427e+17,1.836893388571129e+17,
2017-08-13 00:00:00 UTC,2.300219179964605e+17,7.820745211879657e+17,1.0581008227837183e+18,9.20087671985842e+17,6.900657539893815e+17,9.200876719858421e+16,1.8401753439716842e+17,8.280789047872579e+17,4.6004383599292104e+16,5.520526031915052e+17,3.220306851950447e+17,2.760263015957526e+17,6.900657539893815e+17,1.380131507978763e+17,
2017-08-14 00:00:00 UTC,1.8312309028904246e+17,9.613962240174729e+17,9.613962240174729e+17,6.409308160116486e+17,5.0358849829486675e+17,4.5780772572260616e+16,2.2890386286130307e+17,2.7468463543356368e+17,1.8312309028904246e+17,6.867115885839092e+17,1.8312309028904246e+17,4.1202695315034554e+17,4.5780772572260614e+17,1.3734231771678184e+17,9.156154514452123e+16
2017-08-15 00:00:00 UTC,3.666568036870242e+17,1.0541383106001946e+18,9.166420092175604e+17,6.874815069131704e+17,7.333136073740484e+17,4.583210046087802e+17,1.3749630138263406e+17,3.666568036870242e+17,2.291605023043901e+17,5.4998520553053626e+17,2.7499260276526813e+17,2.291605023043901e+17,5.958173059914144e+17,3.666568036870242e+17,
2017-08-16 00:00:00 UTC,9.206751574389432e+16,1.196877704670626e+18,7.365401259511546e+17,9.206751574389431e+17,2.3016878935973578e+17,1.8413503148778864e+17,2.3016878935973578e+17,2.3016878935973578e+17,9.206751574389432e+16,5.063713365914187e+17,9.206751574389432e+16,3.222363051036301e+17,6.444726102072602e+17,4.143038208475244e+17,9.206751574389432e+16
2017-08-17 00:00:00 UTC,1.8340047572696512e+17,1.7423045194061683e+18,1.008702616498308e+18,6.87751783976119e+17,5.04351308249154e+17,5.04351308249154e+17,1.3755035679522382e+17,5.04351308249154e+17,1.3755035679522382e+17,8.25302140771343e+17,2.2925059465870637e+17,5.502014271808953e+17,6.419016650443779e+17,5.04351308249154e+17,9.170023786348256e+16
2017-08-18 00:00:00 UTC,1.835596627892687e+17,1.2390277238275638e+18,9.636882296436607e+17,1.009578145340978e+18,5.04789072670489e+17,1.835596627892687e+17,3.212294098812203e+17,3.212294098812203e+17,1.3766974709195154e+17,5.965689040651233e+17,4.5889915697317176e+16,3.212294098812203e+17,6.424588197624406e+17,2.7533949418390307e+17,9.177983139463435e+16
2017-08-19 00:00:00 UTC,1.374359367653092e+17,1.0994874941224736e+18,4.5811978921769734e+17,9.620515573571643e+17,8.70427599513625e+17,1.8324791568707894e+17,3.664958313741579e+17,3.2068385245238816e+17,4.5811978921769736e+16,7.329916627483158e+17,2.2905989460884867e+17,7.329916627483158e+17,4.5811978921769734e+17,2.2905989460884867e+17,9.162395784353947e+16
2017-08-20 00:00:00 UTC,9.352018480126848e+16,1.2157624024164902e+18,2.3380046200317117e+17,7.481614784101478e+17,6.546412936088794e+17,2.3380046200317117e+17,3.273206468044397e+17,1.402802772019027e+17,1.402802772019027e+17,4.2084083160570816e+17,4.676009240063424e+16,6.546412936088794e+17,8.416816632114163e+17,2.805605544038054e+17,4.676009240063424e+16
2017-08-21 00:00:00 UTC,4.545070476225922e+16,7.272112761961475e+17,1.8180281904903686e+17,3.636056380980737e+17,6.36309866671629e+17,4.545070476225921e+17,3.181549333358145e+17,4.09056342860333e+17,,4.999577523848514e+17,3.181549333358145e+17,2.7270422857355526e+17,7.272112761961475e+17,2.2725352381129606e+17,4.545070476225922e+16
2017-08-22 00:00:00 UTC,,4.09455271118704e+17,3.639602409944036e+17,2.729701807458027e+17,1.3648509037290134e+17,2.2747515062150224e+17,3.184652108701031e+17,5.459403614916054e+17,1.3648509037290134e+17,2.729701807458027e+17,2.729701807458027e+17,3.639602409944036e+17,4.09455271118704e+17,1.819801204972018e+17,1.3648509037290134e+17
2017-08-23 00:00:00 UTC,1.379635311133947e+17,1.1496960926116225e+18,1.609574529656272e+18,5.518541244535788e+17,8.737690303848333e+17,2.759270622267894e+17,2.759270622267894e+17,3.679027496357193e+17,,6.898176555669737e+17,,2.299392185223245e+17,6.438298118625087e+17,3.679027496357193e+17,1.3796353111339474e+17
2017-08-24 00:00:00 UTC,1.3318266195320821e+17,6.215190891149718e+17,2.2197110325534704e+17,8.434901923703187e+17,4.8833642716176346e+17,1.7757688260427763e+17,3.107595445574859e+17,3.107595445574859e+17,4.439422065106941e+16,4.439422065106941e+16,1.7757688260427763e+17,2.6636532390641642e+17,4.439422065106941e+17,3.5515376520855526e+17,4.439422065106941e+16
2017-08-25 00:00:00 UTC,1.3537756674898187e+17,7.220136893279034e+17,3.1588098908095776e+17,5.415102669959275e+17,4.061327002469456e+17,9.025171116598792e+16,4.512585558299396e+16,3.610068446639517e+17,4.512585558299396e+16,,1.8050342233197584e+17,4.5125855582993965e+17,8.573912560768852e+17,2.7075513349796374e+17,1.3537756674898187e+17
2017-08-26 00:00:00 UTC,,1.0823721401482286e+18,4.3294885605929146e+17,,3.463590848474332e+17,2.1647442802964573e+17,2.1647442802964573e+17,2.5976931363557485e+17,2.5976931363557485e+17,,3.463590848474332e+17,2.5976931363557485e+17,9.091925977245121e+17,2.1647442802964573e+17,
2017-08-27 00:00:00 UTC,,9.678774700000234e+17,9.678774700000234e+17,,5.279331654545582e+17,1.7597772181818608e+17,3.079610131818256e+17,2.639665827272791e+17,8.798886090909304e+16,6.599164568181978e+17,2.1997215227273258e+17,3.5195544363637216e+17,1.3638273440909422e+18,7.479053177272909e+17,1.7597772181818608e+17
2017-08-28 00:00:00 UTC,1.3484955196557419e+17,5.843480585174881e+17,6.292979091726796e+17,,4.49498506551914e+17,1.797994026207656e+17,1.3484955196557419e+17,5.3939820786229677e+17,8.98997013103828e+16,5.3939820786229677e+17,2.24749253275957e+17,3.595988052415312e+17,1.0338465650694022e+18,8.540471624486367e+17,4.49498506551914e+16
2017-08-29 00:00:00 UTC,4.324629371318725e+16,1.383881398821992e+18,1.037911049116494e+18,,2.594777622791235e+17,8.64925874263745e+16,2.1623146856593626e+17,2.1623146856593626e+17,1.2973888113956174e+17,4.324629371318725e+17,1.2973888113956174e+17,4.324629371318725e+17,1.2541425176824302e+18,8.216795805505578e+17,
2017-08-30 00:00:00 UTC,4.4768907565637256e+16,1.4326050421003922e+18,1.1639915967065687e+18,,4.9245798322200986e+17,4.4768907565637256e+16,3.133823529594608e+17,4.029201680907353e+17,8.953781513127451e+16,8.953781513127452e+17,2.238445378281863e+17,3.133823529594608e+17,1.4773739496660296e+18,5.819957983532844e+17,4.4768907565637256e+16
2017-08-31 00:00:00 UTC,,1.1430510432547724e+18,1.2749415482457078e+18,,3.0774451164551565e+17,8.792700332729019e+16,3.5170801330916077e+17,3.0774451164551565e+17,8.792700332729019e+16,5.715255216273862e+17,2.1981750831822547e+17,3.956715149728058e+17,1.6266495615548685e+18,7.034160266183215e+17,8.792700332729019e+16
2017-09-01 00:00:00 UTC,8.76502206002278e+16,1.2271030884031895e+18,1.2709281987033032e+18,,2.6295066180068346e+17,8.76502206002278e+16,4.382511030011391e+17,5.697264339014808e+17,1.753004412004556e+17,4.8207621330125306e+17,1.3147533090034173e+17,5.697264339014808e+17,1.3147533090034173e+18,8.765022060022781e+17,1.3147533090034173e+17
2017-09-02 00:00:00 UTC,1.7842231411846685e+17,1.248956198829268e+18,1.1151394632404177e+18,,2.6763347117770022e+17,1.7842231411846685e+17,4.014502067665504e+17,2.6763347117770022e+17,1.7842231411846685e+17,3.568446282369337e+17,1.7842231411846685e+17,2.2302789264808355e+17,1.6504064055958182e+18,9.813227276515676e+17,8.921115705923342e+16
2017-09-03 00:00:00 UTC,8.801119156156286e+16,7.480951282732842e+17,1.0121287029579729e+18,,5.2806714936937715e+17,1.3201678734234429e+17,3.0803917046547e+17,1.7602238312312573e+17,,8.361063198348471e+17,3.5204476624625146e+17,6.1607834093094e+17,1.23215668186188e+18,6.1607834093094e+17,1.3201678734234429e+17
2017-09-04 00:00:00 UTC,3.063253092309336e+17,1.0502582030774867e+18,1.4441050292315443e+18,,3.5008606769249555e+17,3.938468261540575e+17,2.1880379230780973e+17,4.8136834307718144e+17,2.6256455076937168e+17,7.001721353849911e+17,4.3760758461561944e+16,1.3128227538468584e+17,1.1377797200006106e+18,1.1377797200006106e+18,
2017-09-05 00:00:00 UTC,1.3294309179106477e+17,1.6396314654231322e+18,1.4180596457713574e+18,,8.862872786070984e+17,1.3294309179106477e+17,3.988292753731943e+17,1.3294309179106477e+17,2.215718196517746e+17,7.976585507463886e+17,1.3294309179106477e+17,2.215718196517746e+17,1.240802190049938e+18,1.152173462189228e+18,2.215718196517746e+17
2017-09-06 00:00:00 UTC,,1.1141865375479478e+18,1.3815913065594555e+18,,3.565396920153433e+17,2.2283730750958957e+17,3.565396920153433e+17,2.674047690115075e+17,8.913492300383582e+16,5.34809538023015e+17,8.913492300383582e+16,2.674047690115075e+17,1.7381309985747986e+18,7.576468455326044e+17,8.913492300383582e+16
2017-09-07 00:00:00 UTC,,1.1039070786646705e+18,1.2878915917754488e+18,,5.979496676100298e+17,2.2998064138847302e+17,4.5996128277694605e+17,9.199225655538922e+16,2.759767696661676e+17,5.519535393323352e+17,2.2998064138847302e+17,3.6796902622155686e+17,1.977833515940868e+18,7.819341807208082e+17,1.3798838483308382e+17
2017-09-08 00:00:00 UTC,1.3743329856550562e+17,6.871664928275281e+17,7.787886918711985e+17,,6.413553933056928e+17,4.122998956965168e+17,3.664887961746816e+17,4.58110995218352e+17,,8.704108909148687e+17,1.3743329856550562e+17,4.122998956965168e+17,2.244743876569925e+18,8.245997913930336e+17,4.58110995218352e+16
2017-09-09 00:00:00 UTC,,1.5541281172093857e+18,8.684833596170097e+17,,4.113868545554256e+17,3.656772040492672e+17,3.656772040492672e+17,3.1996755354310886e+17,1.371289515184752e+17,4.113868545554256e+17,1.371289515184752e+17,2.742579030369504e+17,1.8740956707524943e+18,9.14193010123168e+17,9.14193010123168e+16
2017-09-10 00:00:00 UTC,4.5978518325340936e+16,9.195703665068188e+17,7.35656293205455e+17,,5.057637015787503e+17,1.8391407330136374e+17,2.298925916267047e+17,2.7587110995204563e+17,1.3793555497602282e+17,3.678281466027275e+17,,5.977207382294322e+17,1.7012051780376148e+18,5.057637015787503e+17,1.3793555497602282e+17
2017-09-11 00:00:00 UTC,,1.1902218110000402e+18,1.05288852511542e+18,,5.4933314353848e+17,1.8311104784616e+17,3.2044433373078e+17,2.7466657176924e+17,1.8311104784616e+17,5.4933314353848e+17,9.155552392308e+16,4.577776196154e+17,1.69377719257698e+18,1.09866628707696e+18,3.2044433373078e+17
2017-09-12 00:00:00 UTC,1.841383874146264e+17,1.4270725024633544e+18,1.1048303244877582e+18,,9.206919370731319e+17,9.20691937073132e+16,3.2224217797559616e+17,2.7620758112193955e+17,4.60345968536566e+16,9.667265339267885e+17,1.3810379056096978e+17,1.841383874146264e+17,1.7953492772926072e+18,1.1968995181950715e+18,
2017-09-13 00:00:00 UTC,1.3709416447313083e+17,1.0967533157850467e+18,1.1424513706094236e+18,,5.0267860306814637e+17,1.8279221929750778e+17,2.7418832894626166e+17,5.0267860306814637e+17,2.7418832894626166e+17,7.311688771900311e+17,1.8279221929750778e+17,6.854708223656541e+17,1.9650163574482086e+18,8.68263041663162e+17,1.3709416447313083e+17
2017-09-14 00:00:00 UTC,1.3927671179423794e+17,1.485618259138538e+18,6.963835589711898e+17,,5.1068127657887245e+17,1.8570228239231725e+17,5.1068127657887245e+17,4.178301353827138e+17,1.3927671179423794e+17,5.1068127657887245e+17,1.3927671179423794e+17,4.178301353827138e+17,1.7177461121289344e+18,1.1606392649519826e+18,4.642557059807931e+16
2017-09-15 00:00:00 UTC,2.2694889640223805e+17,1.043964923450295e+18,8.170160270480571e+17,,8.170160270480571e+17,2.2694889640223805e+17,3.631182342435809e+17,4.538977928044761e+17,4.538977928044762e+16,6.354569099262666e+17,3.631182342435809e+17,3.631182342435809e+17,1.770201391937457e+18,9.531853648893999e+17,9.077955856089523e+16
2017-09-16 00:00:00 UTC,2.7561530068394486e+17,7.349741351571863e+17,1.1483970861831036e+18,,5.512306013678897e+17,2.296794172366207e+17,2.7561530068394486e+17,2.7561530068394486e+17,2.7561530068394486e+17,4.593588344732414e+17,1.3780765034197243e+17,7.349741351571863e+17,1.4240123868670484e+18,1.240268853077752e+18,
2017-09-17 00:00:00 UTC,1.3746190037811254e+17,1.1455158364842714e+18,1.4662602706998674e+18,,4.1238570113433766e+17,3.6656506767496685e+17,2.2910316729685424e+17,3.2074443421559597e+17,4.5820633459370856e+16,8.247714022686753e+17,2.2910316729685424e+17,4.582063345937085e+17,1.6495428045373507e+18,7.331301353499337e+17,4.5820633459370856e+16
2017-09-18 00:00:00 UTC,2.113433884347959e+17,9.510452479565815e+17,3.698509297608928e+17,,7.397018595217856e+17,1.5850754132609693e+17,2.113433884347959e+17,2.6417923554349488e+17,1.5850754132609693e+17,8.453735537391836e+17,1.0567169421739795e+17,6.340301653043877e+17,1.6907471074783672e+18,3.698509297608928e+17,
2017-09-19 00:00:00 UTC,3.274308855119715e+17,1.5825826133078625e+18,1.2005799135438956e+18,,6.54861771023943e+17,1.6371544275598576e+17,3.274308855119715e+17,3.820026997639668e+17,1.0914362850399051e+17,1.0368644707879098e+18,3.274308855119715e+17,2.1828725700798102e+17,1.8008698703158433e+18,2.7285907125997626e+17,1.0914362850399051e+17
2017-09-20 00:00:00 UTC,1.6599972870154576e+17,9.406651293087593e+17,6.63998914806183e+17,,6.086656719056677e+17,1.6599972870154576e+17,1.106664858010305e+17,3.319994574030915e+17,1.106664858010305e+17,6.086656719056677e+17,1.6599972870154576e+17,5.5333242900515245e+17,1.4386643154133965e+18,6.63998914806183e+17,
2017-09-21 00:00:00 UTC,3.241387723715001e+17,1.836786376771834e+18,1.8908095055004173e+18,,8.643700596573336e+17,1.6206938618575005e+17,2.160925149143334e+17,4.8620815855725024e+17,3.241387723715001e+17,5.942544160144169e+17,5.402312872858335e+16,3.7816190110008346e+17,1.4046013469431672e+18,9.724163171145005e+17,
2017-09-22 00:00:00 UTC,,1.3144612393095956e+18,3.286153098273989e+17,,9.310767111776302e+17,1.6430765491369946e+17,1.6430765491369946e+17,4.3815374643653184e+17,2.1907687321826592e+17,9.310767111776302e+17,2.738460915228324e+17,3.833845281319653e+17,1.8621534223552604e+18,5.476921830456648e+17,5.476921830456648e+16
2017-09-23 00:00:00 UTC,5.482180486387319e+16,2.028406779963308e+18,8.771488778219711e+17,,6.578616583664782e+17,2.7410902431936595e+17,3.289308291832391e+17,4.9339624377485875e+17,,1.0416142924135905e+18,5.482180486387319e+16,7.675052680942246e+17,2.028406779963308e+18,3.289308291832391e+17,1.6446541459161955e+17
2017-09-24 00:00:00 UTC,3.862413427976281e+17,1.2690786977636355e+18,1.2690786977636355e+18,,5.5177334685375443e+17,3.862413427976281e+17,2.207093387415018e+17,2.7588667342687722e+17,1.103546693707509e+17,8.276600202806317e+17,3.310640081122527e+17,2.7588667342687722e+17,1.5449653711905124e+18,5.5177334685375443e+17,
2017-09-25 00:00:00 UTC,1.64934776092212e+17,1.044586915250676e+18,9.896086565532719e+17,,5.4978258697404e+17,,3.84847810881828e+17,3.29869552184424e+17,2.19913034789616e+17,4.39826069579232e+17,1.64934776092212e+17,4.39826069579232e+17,1.869260795711736e+18,1.64934776092212e+17,1.09956517394808e+17
2017-09-26 00:00:00 UTC,1.0893038630650203e+17,1.0893038630650204e+18,1.0348386699117693e+18,,5.991171246857612e+17,1.0893038630650203e+17,3.267911589195061e+17,4.357215452260081e+17,,9.803734767585183e+17,1.6339557945975306e+17,4.357215452260081e+17,1.6339557945975304e+18,5.446519315325102e+17,5.4465193153251016e+16
2017-09-27 00:00:00 UTC,2.2124255886170912e+17,1.4380766326011092e+18,1.1062127943085457e+18,,7.743489560159818e+17,2.2124255886170912e+17,2.2124255886170912e+17,3.3186383829256365e+17,1.1062127943085456e+17,1.0509021545931183e+18,1.1062127943085456e+17,6.637276765851273e+17,1.4933872723165366e+18,3.3186383829256365e+17,5.531063971542728e+16
2017-09-28 00:00:00 UTC,2.734857760357285e+17,1.7503089666286625e+18,1.4221260353857884e+18,,5.46971552071457e+17,1.0939431041429141e+17,3.2818293124287424e+17,4.9227439686431136e+17,1.0939431041429141e+17,7.110630176928942e+17,2.734857760357285e+17,7.6576017290004e+17,1.859703277042954e+18,9.29851638521477e+17,1.0939431041429141e+17
2017-09-29 00:00:00 UTC,3.321157906085908e+17,1.7159315848110523e+18,1.1070526353619693e+18,,7.195842129852801e+17,2.7676315884049232e+17,4.981736859128862e+17,3.321157906085908e+17,2.2141052707239386e+17,6.088789494490831e+17,3.321157906085908e+17,5.5352631768098464e+17,1.3284631624343631e+18,1.2177578988981663e+18,1.1070526353619693e+17
2017-09-30 00:00:00 UTC,5.455108457602421e+16,1.527430368128678e+18,7.091640994883146e+17,,5.4551084576024205e+17,1.0910216915204842e+17,3.273065074561452e+17,2.1820433830409683e+17,5.455108457602421e+16,6.546130149122904e+17,2.1820433830409683e+17,3.818575920321695e+17,1.854736875584823e+18,7.63715184064339e+17,1.0910216915204842e+17
2017-10-01 00:00:00 UTC,2.1884418940002464e+17,1.5319093258001723e+18,,,5.471104735000616e+17,1.0942209470001232e+17,2.1884418940002464e+17,2.735552367500308e+17,5.471104735000616e+16,1.367776183750154e+18,3.282662841000369e+17,8.206657102500924e+17,1.1489319943501293e+18,3.282662841000369e+17,1.641331420500185e+17
2017-10-02 00:00:00 UTC,1.1116116908823587e+17,1.778578705411774e+18,9.448699372500047e+17,,7.225475990735332e+17,5.558058454411794e+16,1.667417536323538e+17,3.334835072647076e+17,1.667417536323538e+17,8.33708768161769e+17,1.667417536323538e+17,5.002252608970614e+17,1.5562563672353021e+18,9.448699372500047e+17,5.558058454411794e+16
2017-10-03 00:00:00 UTC,3.3699164935569837e+17,1.572627696993259e+18,1.6849582467784916e+18,,8.986443982818624e+17,1.123305497852328e+17,3.9315692424831475e+17,3.3699164935569837e+17,5.61652748926164e+16,9.548096731744788e+17,1.6849582467784918e+17,6.739832987113967e+17,2.1342804459194232e+18,8.424791233892458e+17,1.123305497852328e+17
2017-10-04 00:00:00 UTC,1.6618125253289194e+17,2.0495687812390008e+18,3.877562559100812e+17,,4.431500067543785e+17,5.539375084429731e+16,2.2157500337718925e+17,3.877562559100812e+17,,1.1078750168859462e+18,5.539375084429731e+16,3.877562559100812e+17,1.606418774484622e+18,5.539375084429731e+17,
2017-10-05 00:00:00 UTC,5.618815759858016e+16,1.7418328855559852e+18,3.3712894559148096e+17,,6.742578911829619e+17,1.1237631519716032e+17,1.6856447279574048e+17,5.6188157598580166e+17,5.618815759858016e+16,5.6188157598580166e+17,1.6856447279574048e+17,3.3712894559148096e+17,1.460892097563084e+18,7.30446048781542e+17,5.618815759858016e+16
2017-10-06 00:00:00 UTC,5.5689649439536e+16,2.060517029262832e+18,1.5036205348674721e+18,,4.45517195516288e+17,1.67068948318608e+17,3.34137896637216e+17,3.34137896637216e+17,,7.79655092153504e+17,2.22758597758144e+17,3.89827546076752e+17,1.782068782065152e+18,8.3534474159304e+17,
2017-10-07 00:00:00 UTC,5.565176750817114e+16,2.2260707003268457e+18,1.558249490228792e+18,,2.782588375408557e+17,2.2260707003268454e+17,2.2260707003268454e+17,3.339106050490269e+17,1.6695530252451344e+17,7.79124745114396e+17,5.565176750817114e+16,6.678212100980538e+17,1.2799906526879363e+18,8.904282801307382e+17,5.565176750817114e+16
2017-10-08 00:00:00 UTC,2.269426199403473e+17,1.9857479244780388e+18,1.0212417897315626e+18,,7.375635148061286e+17,1.1347130997017365e+17,2.8367827492543408e+17,3.9714958489560774e+17,2.269426199403473e+17,1.0212417897315626e+18,2.8367827492543408e+17,3.9714958489560774e+17,2.212690544418386e+18,1.3049200646569969e+18,1.1347130997017365e+17
2017-10-09 00:00:00 UTC,1.651276374304541e+17,1.8164040117349952e+18,1.7613614659248435e+18,,7.155530955319677e+17,1.651276374304541e+17,2.2017018324060544e+17,2.7521272905075683e+17,5.504254581015136e+16,6.05468003911665e+17,5.504254581015136e+16,3.852978206710596e+17,1.7613614659248435e+18,6.605105497218164e+17,2.2017018324060544e+17
2017-10-10 00:00:00 UTC,,1.5271776500799521e+18,9.615562981984883e+17,,5.090592166933174e+17,3.393728111288782e+17,2.8281067594073187e+17,3.959349463170246e+17,1.696864055644391e+17,1.1878048389510738e+18,2.8281067594073187e+17,5.090592166933174e+17,1.809988326020684e+18,1.0181184333866348e+18,5.6562135188146376e+16
2017-10-11 00:00:00 UTC,2.2387180960385987e+17,1.2872629052221942e+18,1.343230857623159e+18,,6.716154288115795e+17,2.2387180960385987e+17,2.2387180960385987e+17,2.2387180960385987e+17,5.596795240096497e+16,7.835513336135095e+17,2.2387180960385987e+17,3.9177566680675475e+17,1.343230857623159e+18,7.275833812125445e+17,5.596795240096497e+16
2017-10-12 00:00:00 UTC,2.2046683740348365e+17,1.4330344431226437e+18,7.716339309121928e+17,,4.960503841578382e+17,5.511670935087091e+16,5.511670935087092e+17,2.2046683740348365e+17,,9.921007683156764e+17,2.755835467543546e+17,8.818673496139346e+17,1.4881511524735148e+18,9.369840589648055e+17,1.1023341870174182e+17
2017-10-13 00:00:00 UTC,1.6557889869721533e+17,1.600596020739748e+18,6.071226285564562e+17,,6.071226285564562e+17,5.519296623240511e+16,2.2077186492962045e+17,1.6557889869721533e+17,1.1038593246481022e+17,8.830874597184818e+17,5.519296623240511e+16,6.071226285564562e+17,1.600596020739748e+18,8.830874597184818e+17,
2017-10-14 00:00:00 UTC,5.583458901367503e+16,1.507533903369226e+18,1.0050226022461505e+18,,5.0251130112307526e+17,1.1166917802735006e+17,3.9084212309572525e+17,2.2333835605470013e+17,5.583458901367503e+16,6.141804791504255e+17,5.583458901367503e+16,3.3500753408205024e+17,1.898376026464951e+18,7.816842461914505e+17,3.350075340820502e+17
2017-10-15 00:00:00 UTC,1.1763587375610051e+17,1.9409919169756585e+18,1.646902232585407e+18,,6.469973056585528e+17,1.764538106341508e+17,4.1172555814635174e+17,6.469973056585528e+17,2.3527174751220102e+17,9.999049269268543e+17,4.1172555814635174e+17,6.469973056585528e+17,1.9998098538537085e+18,1.2939946113171057e+18,2.9408968439025126e+17
2017-10-16 00:00:00 UTC,5.954457551399999e+16,1.8458818409339999e+18,1.3695252368219999e+18,,5.9544575514e+17,4.7635660411199994e+17,2.9772287757e+17,5.9544575514e+17,1.1908915102799998e+17,7.74079481682e+17,1.1908915102799998e+17,7.74079481682e+17,2.2031492940179996e+18,9.527132082239999e+17,1.78633726542e+17
2017-10-17 00:00:00 UTC,1.1892521126384805e+17,1.6054903520619487e+18,1.0108642957427084e+18,,1.1892521126384804e+18,5.9462605631924024e+16,5.351634506873162e+17,2.378504225276961e+17,1.1892521126384805e+17,8.324764788469364e+17,1.7838781689577206e+17,8.324764788469364e+17,2.0217285914854167e+18,8.919390844788603e+17,1.1892521126384805e+17
2017-10-18 00:00:00 UTC,3.047769683046977e+17,2.0115279908110047e+18,1.5238848415234885e+18,,6.705093302703348e+17,2.4382157464375814e+17,1.2191078732187907e+17,3.047769683046977e+17,1.8286618098281862e+17,7.314647239312745e+17,,6.095539366093955e+17,1.6457956288453676e+18,8.533755112531535e+17,
2017-10-19 00:00:00 UTC,1.739487472502882e+17,2.0873849670034583e+18,1.3915899780023055e+18,,6.957949890011528e+17,2.3193166300038426e+17,2.3193166300038426e+17,3.478974945005764e+17,5.798291575009606e+16,1.0436924835017292e+18,3.478974945005764e+17,8.117608205013449e+17,1.9134362197531704e+18,9.857095677516332e+17,
2017-10-20 00:00:00 UTC,,1.9707010349364419e+18,1.7915463953967654e+18,,1.015209624058167e+18,2.9859106589946086e+17,4.777457054391375e+17,4.1802749225924525e+17,2.3887285271956874e+17,4.1802749225924525e+17,2.9859106589946086e+17,5.971821317989217e+17,1.7318281822168732e+18,1.37351890313752e+18,5.9718213179892184e+16
