2015-10-23 00:00:00,20969687.933600005
2015-10-24 00:00:00,15134081.82
2015-10-25 00:00:00,34299506.0256
2015-10-26 00:00:00,23638781.233200002
2015-10-27 00:00:00,32420944.135200005
2015-10-28 00:00:00,37507904.6835
2015-10-29 00:00:00,45043648.0032
2015-10-30 00:00:00,55263289.9077
2015-10-31 00:00:00,37428890.4535
2015-11-01 00:00:00,25642526.914199997
2015-11-02 00:00:00,70310557.41960001
2015-11-03 00:00:00,171565483.2821
2015-11-04 00:00:00,240097870.2464
2015-11-05 00:00:00,144544320.09379998
2015-11-06 00:00:00,104939430.582
2015-11-07 00:00:00,41397271.7125
2015-11-08 00:00:00,34651606.9748
2015-11-09 00:00:00,49017974.283
2015-11-10 00:00:00,78245096.3488
2015-11-11 00:00:00,92221766.362
2015-11-12 00:00:00,56103254.626200005
2015-11-13 00:00:00,35918626.0886
2015-11-14 00:00:00,23982824.104
2015-11-15 00:00:00,34851429.837000005
2015-11-16 00:00:00,28628567.523500003
2015-11-17 00:00:00,32793891.708800003
2015-11-18 00:00:00,25422981.2093
2015-11-19 00:00:00,28290931.152
2015-11-20 00:00:00,35862566.2785
2015-11-21 00:00:00,14198539.909599999
2015-11-22 00:00:00,11258958.92
2015-11-23 00:00:00,13615387.4073
2015-11-24 00:00:00,16374683.094
2015-11-25 00:00:00,25111070.299000002
2015-11-26 00:00:00,73195270.6758
2015-11-27 00:00:00,40156994.30370001
2015-11-28 00:00:00,21634897.782
2015-11-29 00:00:00,23486321.6954
2015-11-30 00:00:00,51791731.603599995
2015-12-01 00:00:00,44265192.671
2015-12-02 00:00:00,34787805.357599996
2015-12-03 00:00:00,32249807.703199998
2015-12-04 00:00:00,21785438.5334
2015-12-05 00:00:00,40058592.288399994
2015-12-06 00:00:00,58053909.7428
2015-12-07 00:00:00,40437811.302
2015-12-08 00:00:00,22999694.4828
2015-12-09 00:00:00,67053317.6352
2015-12-10 00:00:00,31321399.096200004
2015-12-11 00:00:00,76154164.2851
2015-12-12 00:00:00,107032617.75500001
2015-12-13 00:00:00,39287495.8922
2015-12-14 00:00:00,108826070.44
2015-12-15 00:00:00,55276209.292500004
2015-12-16 00:00:00,85536938.6556
2015-12-17 00:00:00,30852734.187
2015-12-18 00:00:00,37926164.811500005
2015-12-19 00:00:00,29418082.56
2015-12-20 00:00:00,54181213.7719
2015-12-21 00:00:00,52315624.452
2015-12-22 00:00:00,30613418.7315
2015-12-23 00:00:00,28293611.216000002
2015-12-24 00:00:00,35843916.0595
2015-12-25 00:00:00,19787454.9075
2015-12-26 00:00:00,91276222.4367
2015-12-27 00:00:00,31955095.317599997
2015-12-28 00:00:00,32740834.454600003
2015-12-29 00:00:00,30691408.0275
2015-12-30 00:00:00,30700004.837799996
2015-12-31 00:00:00,28540927.016
2016-01-01 00:00:00,20406959.2119
2016-01-02 00:00:00,15069490.9225
2016-01-03 00:00:00,23322149.802
2016-01-04 00:00:00,21949458.6916
2016-01-05 00:00:00,20487753.0816
2016-01-06 00:00:00,19156844.978600003
2016-01-07 00:00:00,58478075.9822
2016-01-08 00:00:00,41191540.305
2016-01-09 00:00:00,17656850.604599997
2016-01-10 00:00:00,20063783.1186
2016-01-11 00:00:00,25254134.411
2016-01-12 00:00:00,20987190.7616
2016-01-13 00:00:00,45901744.12109999
2016-01-14 00:00:00,19112138.8037
2016-01-15 00:00:00,116205455.8184
2016-01-16 00:00:00,71683286.4755
2016-01-17 00:00:00,25665045.633500002
2016-01-18 00:00:00,25780217.132999998
2016-01-19 00:00:00,25270093.755
2016-01-20 00:00:00,78165567.75330001
2016-01-21 00:00:00,37002467.8592
2016-01-22 00:00:00,59059297.6044
2016-01-23 00:00:00,24905687.731599998
2016-01-24 00:00:00,26166918.645
2016-01-25 00:00:00,27947836.8106
2016-01-26 00:00:00,23253230.3312
2016-01-27 00:00:00,17463880.687400002
2016-01-28 00:00:00,30483418.7072
2016-01-29 00:00:00,54312432.201000005
2016-01-30 00:00:00,14343796.750100002
2016-01-31 00:00:00,17760429.7968
2016-02-01 00:00:00,28865406.813899998
2016-02-02 00:00:00,19943929.1014
2016-02-03 00:00:00,23767287.735
2016-02-04 00:00:00,41655064.8085
2016-02-05 00:00:00,24231098.3145
2016-02-06 00:00:00,30866009.8532
2016-02-07 00:00:00,15640570.8048
2016-02-08 00:00:00,24531012.204499997
2016-02-09 00:00:00,21330382.4776
2016-02-10 00:00:00,36978851.3269
2016-02-11 00:00:00,26042971.817600004
2016-02-12 00:00:00,22212756.8286
2016-02-13 00:00:00,18777635.920100003
2016-02-14 00:00:00,30702017.307499997
2016-02-15 00:00:00,34078398.8376
2016-02-16 00:00:00,28047318.6816
2016-02-17 00:00:00,39099468.2342
2016-02-18 00:00:00,32029699.8436
2016-02-19 00:00:00,22201850.356200002
2016-02-20 00:00:00,49142940.239
2016-02-21 00:00:00,45001750.1744
2016-02-22 00:00:00,25463328.1084
2016-02-23 00:00:00,41312427.126
2016-02-24 00:00:00,29085738.812999997
2016-02-25 00:00:00,22095111.3957
2016-02-26 00:00:00,24487221.785600003
2016-02-27 00:00:00,18649773.619099997
2016-02-28 00:00:00,22184549.4353
2016-02-29 00:00:00,31357633.075200003
2016-03-01 00:00:00,30939871.908400003
2016-03-02 00:00:00,26429723.2544
2016-03-03 00:00:00,33471079.525000002
2016-03-04 00:00:00,32002741.2982
2016-03-05 00:00:00,50904367.533
2016-03-06 00:00:00,24330044.911199998
2016-03-07 00:00:00,25774187.788599998
2016-03-08 00:00:00,21813407.596
2016-03-09 00:00:00,19572952.0075
2016-03-10 00:00:00,24022113.591000002
2016-03-11 00:00:00,25307656.1388
2016-03-12 00:00:00,24825381.6222
2016-03-13 00:00:00,14705841.4384
2016-03-14 00:00:00,20282050.7868
2016-03-15 00:00:00,20597238.335500002
2016-03-16 00:00:00,19419077.2239
2016-03-17 00:00:00,18657007.429
2016-03-18 00:00:00,28073923.8525
2016-03-19 00:00:00,15007027.569300001
2016-03-20 00:00:00,13576322.229200002
2016-03-21 00:00:00,18209312.2497
2016-03-22 00:00:00,21365652.985600002
2016-03-23 00:00:00,16895793.790799998
2016-03-24 00:00:00,17536542.0868
2016-03-25 00:00:00,14830264.68
2016-03-26 00:00:00,12371345.8365
2016-03-27 00:00:00,25434491.6184
2016-03-28 00:00:00,19238321.7855
2016-03-29 00:00:00,30415319.922
2016-03-30 00:00:00,19975338.1149
2016-03-31 00:00:00,18808489.1414
2016-04-01 00:00:00,16409420.6304
2016-04-02 00:00:00,13685333.024999999
2016-04-03 00:00:00,10626132.6415
2016-04-04 00:00:00,15550675.149200002
2016-04-05 00:00:00,18164095.988500003
2016-04-06 00:00:00,15707133.7908
2016-04-07 00:00:00,17028964.2194
2016-04-08 00:00:00,20186636.2392
2016-04-09 00:00:00,12511808.476
2016-04-10 00:00:00,9701992.4954
2016-04-11 00:00:00,15796771.1496
2016-04-12 00:00:00,25818110.244
2016-04-13 00:00:00,16364789.57
2016-04-14 00:00:00,12971709.8742
2016-04-15 00:00:00,22879890.5172
2016-04-16 00:00:00,13788621.1134
2016-04-17 00:00:00,12692790.004600001
2016-04-18 00:00:00,17694903.859199997
2016-04-19 00:00:00,17920859.9415
2016-04-20 00:00:00,35503227.427200004
2016-04-21 00:00:00,29501269.424
2016-04-22 00:00:00,23844241.7205
2016-04-23 00:00:00,16802671.908
2016-04-24 00:00:00,29353633.462599996
2016-04-25 00:00:00,36817995.5136
2016-04-26 00:00:00,34854624.5998
2016-04-27 00:00:00,42654741.3584
2016-04-28 00:00:00,38051508.648
2016-04-29 00:00:00,21063414.658
2016-04-30 00:00:00,17046473.340800002
2016-05-01 00:00:00,10517715.5446
2016-05-02 00:00:00,34283316.48
2016-05-03 00:00:00,23866897.4145
2016-05-04 00:00:00,18922797.276
2016-05-05 00:00:00,19214683.7397
2016-05-06 00:00:00,32475379.449600004
2016-05-07 00:00:00,15060351.768
2016-05-08 00:00:00,12940418.121000001
2016-05-09 00:00:00,23824164.1218
2016-05-10 00:00:00,28095275.360999998
2016-05-11 00:00:00,20927427.4956
2016-05-12 00:00:00,22652718.674
2016-05-13 00:00:00,15841283.882199999
2016-05-14 00:00:00,10458258.4269
2016-05-15 00:00:00,9548354.6085
2016-05-16 00:00:00,17875806.6495
2016-05-17 00:00:00,16508087.6112
2016-05-18 00:00:00,14866087.635
2016-05-19 00:00:00,26518499.388
2016-05-20 00:00:00,25045661.4336
2016-05-21 00:00:00,11310985.6272
2016-05-22 00:00:00,12185445.8837
2016-05-23 00:00:00,16267423.8436
2016-05-24 00:00:00,15674746.774400001
2016-05-25 00:00:00,17482963.788799997
2016-05-26 00:00:00,16430495.235
2016-05-27 00:00:00,62133880.564799994
2016-05-28 00:00:00,68432471.5568
2016-05-29 00:00:00,72487384.5528
2016-05-30 00:00:00,41187985.5816
2016-05-31 00:00:00,59032595.9724
2016-06-01 00:00:00,34219344.816
2016-06-02 00:00:00,26922628.8648
2016-06-03 00:00:00,60092817.477
2016-06-04 00:00:00,45168189.796799995
2016-06-05 00:00:00,30675648.696
2016-06-06 00:00:00,34509545.46349999
2016-06-07 00:00:00,47316934.322000004
2016-06-08 00:00:00,28300189.1564
2016-06-09 00:00:00,30222288.214364693
2016-06-10 00:00:00,24377615.46943378
2016-06-11 00:00:00,24538115.328435715
2016-06-12 00:00:00,143472595.47502628
2016-06-13 00:00:00,146971122.83886617
2016-06-14 00:00:00,84746672.71063487
2016-06-15 00:00:00,48065817.39402929
2016-06-16 00:00:00,169439516.67623803
2016-06-17 00:00:00,128874495.58119592
2016-06-18 00:00:00,85041797.51949082
2016-06-19 00:00:00,40868096.624824494
2016-06-20 00:00:00,36207387.18440518
2016-06-21 00:00:00,149642818.36535102
2016-06-22 00:00:00,106868002.09824032
2016-06-23 00:00:00,145480129.31644726
2016-06-24 00:00:00,117308802.54754122
2016-06-25 00:00:00,64948673.82899656
2016-06-26 00:00:00,50909007.76377704
2016-06-27 00:00:00,59731341.432909116
2016-06-28 00:00:00,55881769.63124494
2016-06-29 00:00:00,68912927.90875104
2016-06-30 00:00:00,66687600.548085004
2016-07-01 00:00:00,61281896.9689139
2016-07-02 00:00:00,45483640.65408339
2016-07-03 00:00:00,57134569.798589006
2016-07-04 00:00:00,33361880.20755163
2016-07-05 00:00:00,31161665.02804933
2016-07-06 00:00:00,27360174.458261672
2016-07-07 00:00:00,93994828.71333286
2016-07-08 00:00:00,46643049.376544565
2016-07-09 00:00:00,78574448.68600912
2016-07-10 00:00:00,28357316.102029968
2016-07-11 00:00:00,26402272.48181793
2016-07-12 00:00:00,48343367.13486464
2016-07-13 00:00:00,53026862.77232912
2016-07-14 00:00:00,34318017.313809544
2016-07-15 00:00:00,26928546.839285374
2016-07-16 00:00:00,13030366.55815039
2016-07-17 00:00:00,26346610.596016515
2016-07-18 00:00:00,30616321.58581428
2016-07-19 00:00:00,18855335.642488822
2016-07-20 00:00:00,21835386.17013677
2016-07-21 00:00:00,19396531.87257841
2016-07-22 00:00:00,36015630.8103621
2016-07-23 00:00:00,22033362.322805755
2016-07-24 00:00:00,23219394.381669026
2016-07-25 00:00:00,22293453.09391153
2016-07-26 00:00:00,30492846.559064753
2016-07-27 00:00:00,27438393.389753077
2016-07-28 00:00:00,16449698.25465171
2016-07-29 00:00:00,16612345.86951323
2016-07-30 00:00:00,11399491.459813222
2016-07-31 00:00:00,38521947.408930235
2016-08-01 00:00:00,39937694.381306626
2016-08-02 00:00:00,57403494.653400615
2016-08-03 00:00:00,48103787.928474
2016-08-04 00:00:00,24001987.504158802
2016-08-05 00:00:00,16566325.510409888
2016-08-06 00:00:00,24272426.916998588
2016-08-07 00:00:00,20475426.290076792
2016-08-08 00:00:00,15361103.591248045
2016-08-09 00:00:00,15780612.333715733
2016-08-10 00:00:00,34991566.079817295
2016-08-11 00:00:00,26073725.34358144
2016-08-12 00:00:00,15437752.076322343
2016-08-13 00:00:00,11882577.720661648
2016-08-14 00:00:00,15817470.274456559
2016-08-15 00:00:00,19039255.2066699
2016-08-16 00:00:00,20633789.33174016
2016-08-17 00:00:00,21788909.85149328
2016-08-18 00:00:00,24259885.20552654
2016-08-19 00:00:00,15567926.13549017
2016-08-20 00:00:00,16537121.829441033
2016-08-21 00:00:00,15404607.043007113
2016-08-22 00:00:00,19463587.599394135
2016-08-23 00:00:00,19520117.274630975
2016-08-24 00:00:00,17189751.05217095
2016-08-25 00:00:00,18023876.408600245
2016-08-26 00:00:00,12305907.424314784
2016-08-27 00:00:00,11038371.152134756
2016-08-28 00:00:00,6969155.035667743
2016-08-29 00:00:00,13006720.339841172
2016-08-30 00:00:00,15352375.32494796
2016-08-31 00:00:00,15333990.49557455
2016-09-01 00:00:00,14999479.54839048
2016-09-02 00:00:00,15043105.566588867
2016-09-03 00:00:00,40400922.254320584
2016-09-04 00:00:00,22587938.84044743
2016-09-05 00:00:00,22519218.62528109
2016-09-06 00:00:00,14155539.592708783
2016-09-07 00:00:00,16922951.237458926
2016-09-08 00:00:00,21304907.482636098
2016-09-09 00:00:00,16550749.952060752
2016-09-10 00:00:00,13826608.287564546
2016-09-11 00:00:00,19748109.564706508
2016-09-12 00:00:00,24913919.868142404
2016-09-13 00:00:00,32818905.112867605
2016-09-14 00:00:00,15168677.680112895
2016-09-15 00:00:00,11891587.395277543
2016-09-16 00:00:00,12836700.34517858
2016-09-17 00:00:00,8953094.94796302
2016-09-18 00:00:00,9289978.563723823
2016-09-19 00:00:00,12354975.676953206
2016-09-20 00:00:00,13349846.124487473
2016-09-21 00:00:00,20607535.0871256
2016-09-22 00:00:00,12923838.334123792
2016-09-23 00:00:00,12358708.783064608
2016-09-24 00:00:00,6905876.288540798
2016-09-25 00:00:00,6562797.42036544
2016-09-26 00:00:00,14621404.89753159
2016-09-27 00:00:00,12980365.428437835
2016-09-28 00:00:00,9494530.323366642
2016-09-29 00:00:00,12937983.999938054
2016-09-30 00:00:00,12885196.887565492
2016-10-01 00:00:00,7094655.178531651
2016-10-02 00:00:00,9087020.024980566
2016-10-03 00:00:00,11646426.405317659
2016-10-04 00:00:00,12709516.175455404
2016-10-05 00:00:00,11326509.250925671
2016-10-06 00:00:00,10859575.08725039
2016-10-07 00:00:00,15826419.301559234
2016-10-08 00:00:00,7779460.198927116
2016-10-09 00:00:00,6954834.42997824
2016-10-10 00:00:00,13372142.533441262
2016-10-11 00:00:00,29027519.158250164
2016-10-12 00:00:00,14634705.609575948
2016-10-13 00:00:00,14355952.057363158
2016-10-14 00:00:00,12472092.762440188
2016-10-15 00:00:00,6525990.941338596
2016-10-16 00:00:00,6985758.748221971
2016-10-17 00:00:00,15611329.769091038
2016-10-18 00:00:00,14579936.517712481
2016-10-19 00:00:00,20346645.90277418
2016-10-20 00:00:00,12216884.504326392
2016-10-21 00:00:00,16705327.889886469
2016-10-22 00:00:00,22686988.344559554
2016-10-23 00:00:00,11562593.899480939
2016-10-24 00:00:00,17690445.870382972
2016-10-25 00:00:00,23862151.32722688
2016-10-26 00:00:00,32748237.896114662
2016-10-27 00:00:00,26863753.64907469
2016-10-28 00:00:00,22221917.84139443
2016-10-29 00:00:00,29728643.80123049
2016-10-30 00:00:00,21222263.792321637
2016-10-31 00:00:00,23116856.38100145
2016-11-01 00:00:00,41882993.08351015
2016-11-02 00:00:00,24177015.544394836
2016-11-03 00:00:00,56296677.021922745
2016-11-04 00:00:00,29358873.293267153
2016-11-05 00:00:00,14017411.023604922
2016-11-06 00:00:00,15385463.926390963
2016-11-07 00:00:00,13568019.080829352
2016-11-08 00:00:00,21720391.236468986
2016-11-09 00:00:00,40308934.74436853
2016-11-10 00:00:00,18345512.554665778
2016-11-11 00:00:00,14008613.891748253
2016-11-12 00:00:00,13568553.688843166
2016-11-13 00:00:00,19900672.856211733
2016-11-14 00:00:00,20324888.3717734
2016-11-15 00:00:00,22288622.30351003
2016-11-16 00:00:00,44865031.15067332
2016-11-17 00:00:00,36131321.21770813
2016-11-18 00:00:00,22349404.1599065
2016-11-19 00:00:00,15115192.245199867
2016-11-20 00:00:00,26489236.672689494
2016-11-21 00:00:00,18741837.41861697
2016-11-22 00:00:00,25591017.709747355
2016-11-23 00:00:00,19866229.8841036
2016-11-24 00:00:00,16755125.577681024
2016-11-25 00:00:00,14432748.706685813
2016-11-26 00:00:00,12319132.964775683
2016-11-27 00:00:00,11359826.806550382
2016-11-28 00:00:00,17786517.7480325
2016-11-29 00:00:00,18774731.952676114
2016-11-30 00:00:00,21330877.48382009
2016-12-01 00:00:00,26804422.492278427
2016-12-02 00:00:00,33314155.044447843
2016-12-03 00:00:00,15079718.405659718
2016-12-04 00:00:00,11710058.47249938
2016-12-05 00:00:00,26745481.446420282
2016-12-06 00:00:00,20977699.216424413
2016-12-07 00:00:00,23775580.353968643
2016-12-08 00:00:00,18396293.927808
2016-12-09 00:00:00,16139725.074413015
2016-12-10 00:00:00,11258173.04152307
2016-12-11 00:00:00,10790493.55460276
2016-12-12 00:00:00,19721035.416289408
2016-12-13 00:00:00,20077997.9098794
2016-12-14 00:00:00,14993051.05091285
2016-12-15 00:00:00,15357872.532293279
2016-12-16 00:00:00,17973313.885113414
2016-12-17 00:00:00,17068492.255287778
2016-12-18 00:00:00,10243644.93459555
2016-12-19 00:00:00,15301931.73893629
2016-12-20 00:00:00,19671152.5655045
2016-12-21 00:00:00,44854043.026322275
2016-12-22 00:00:00,54177733.57533249
2016-12-23 00:00:00,71128607.5418054
2016-12-24 00:00:00,36632649.452525035
2016-12-25 00:00:00,31411463.344155725
2016-12-26 00:00:00,30528384.492602374
2016-12-27 00:00:00,36349743.369637854
2016-12-28 00:00:00,58947752.62192145
2016-12-29 00:00:00,49469080.76090559
2016-12-30 00:00:00,55218054.01763414
2016-12-31 00:00:00,20372836.66994757
2017-01-01 00:00:00,33991911.05897632
2017-01-02 00:00:00,57597031.98137848
2017-01-03 00:00:00,41550985.515730955
2017-01-04 00:00:00,143134274.56983486
2017-01-05 00:00:00,208498259.7930426
2017-01-06 00:00:00,134165115.23789297
2017-01-07 00:00:00,97175659.27985388
2017-01-08 00:00:00,55303632.48432932
2017-01-09 00:00:00,41076985.165461
2017-01-10 00:00:00,31485218.71429535
2017-01-11 00:00:00,131253668.4078732
2017-01-12 00:00:00,76636270.25602649
2017-01-13 00:00:00,55509952.11563386
2017-01-14 00:00:00,27475928.306425694
2017-01-15 00:00:00,15757955.971683078
2017-01-16 00:00:00,22109924.90628197
2017-01-17 00:00:00,66791560.406611934
2017-01-18 00:00:00,51289482.24876107
2017-01-19 00:00:00,43734448.33771
2017-01-20 00:00:00,27016866.76275787
2017-01-21 00:00:00,31572727.70973658
2017-01-22 00:00:00,41096750.85565452
2017-01-23 00:00:00,24607895.53005694
2017-01-24 00:00:00,43906538.86741937
2017-01-25 00:00:00,29651242.14920385
2017-01-26 00:00:00,26226846.707464296
2017-01-27 00:00:00,24900535.156715058
2017-01-28 00:00:00,12103240.458089076
2017-01-29 00:00:00,8485259.812167948
2017-01-30 00:00:00,14680425.28053736
2017-01-31 00:00:00,50109300.357485116
2017-02-01 00:00:00,35717457.43385989
2017-02-02 00:00:00,49171054.91265412
2017-02-03 00:00:00,54515239.48692956
2017-02-04 00:00:00,43595760.47694484
2017-02-05 00:00:00,32909742.49056232
2017-02-06 00:00:00,27544311.114128727
2017-02-07 00:00:00,40471212.353163786
2017-02-08 00:00:00,63366305.51740329
2017-02-09 00:00:00,141974564.61620772
2017-02-10 00:00:00,64475260.19908332
2017-02-11 00:00:00,29598254.94199764
2017-02-12 00:00:00,14753502.29439118
2017-02-13 00:00:00,29689012.949139353
2017-02-14 00:00:00,39199176.35124729
2017-02-15 00:00:00,22919392.2049625
2017-02-16 00:00:00,41105343.50097638
2017-02-17 00:00:00,50584844.50901646
2017-02-18 00:00:00,29732832.51673826
2017-02-19 00:00:00,18054662.2987521
2017-02-20 00:00:00,32526100.41369879
2017-02-21 00:00:00,67820657.9251045
2017-02-22 00:00:00,59657200.093271285
2017-02-23 00:00:00,70101141.96999004
2017-02-24 00:00:00,137557162.43656254
2017-02-25 00:00:00,44343352.24492109
2017-02-26 00:00:00,32750847.123128362
2017-02-27 00:00:00,39226303.274664536
2017-02-28 00:00:00,44954233.92674727
2017-03-01 00:00:00,60151968.377197854
2017-03-02 00:00:00,83439118.76588912
2017-03-03 00:00:00,64767014.966313675
2017-03-04 00:00:00,30448848.511100117
2017-03-05 00:00:00,27572866.812270917
2017-03-06 00:00:00,38898409.98370173
2017-03-07 00:00:00,102987980.74901986
2017-03-08 00:00:00,101928717.12295525
2017-03-09 00:00:00,64999435.16003756
2017-03-10 00:00:00,227913163.14667737
2017-03-11 00:00:00,82143460.83637705
2017-03-12 00:00:00,52464174.42203355
2017-03-13 00:00:00,67990532.0203525
2017-03-14 00:00:00,51575349.191295885
2017-03-15 00:00:00,48633668.4881237
2017-03-16 00:00:00,125468036.18318745
2017-03-17 00:00:00,145734375.19879827
2017-03-18 00:00:00,167014110.7836648
2017-03-19 00:00:00,94921242.90584181
2017-03-20 00:00:00,58718869.96288475
2017-03-21 00:00:00,78169421.51979661
2017-03-22 00:00:00,97353030.7961921
2017-03-23 00:00:00,47857364.16172551
2017-03-24 00:00:00,83342548.58983836
2017-03-25 00:00:00,104602038.36913723
2017-03-26 00:00:00,71646630.04780254
2017-03-27 00:00:00,79080569.24120276
2017-03-28 00:00:00,70342663.94495207
2017-03-29 00:00:00,61677763.73387659
2017-03-30 00:00:00,65011056.2650536
2017-03-31 00:00:00,75018988.16812257
2017-04-01 00:00:00,40562346.19171107
2017-04-02 00:00:00,59295644.25587124
2017-04-03 00:00:00,90396475.17006625
2017-04-04 00:00:00,67370298.17887816
2017-04-05 00:00:00,58001639.01304203
2017-04-06 00:00:00,92291084.78897868
2017-04-07 00:00:00,60427563.19576686
2017-04-08 00:00:00,31335396.147668086
2017-04-09 00:00:00,45470746.36708978
2017-04-10 00:00:00,41204040.55288183
2017-04-11 00:00:00,39985187.81933621
2017-04-12 00:00:00,41882984.8895408
2017-04-13 00:00:00,61700362.55843429
2017-04-14 00:00:00,43219939.69092474
2017-04-15 00:00:00,21547006.668841098
2017-04-16 00:00:00,19916836.26311818
2017-04-17 00:00:00,45260449.243080854
2017-04-18 00:00:00,51782316.24403811
2017-04-19 00:00:00,38464163.437011
2017-04-20 00:00:00,61652281.026328936
2017-04-21 00:00:00,42287714.16804253
2017-04-22 00:00:00,47589977.23383464
2017-04-23 00:00:00,48203962.263300814
2017-04-24 00:00:00,39096538.33477005
2017-04-25 00:00:00,45876269.76824805
2017-04-26 00:00:00,64754541.495937236
2017-04-27 00:00:00,62204334.61485792
2017-04-28 00:00:00,61518505.25318574
2017-04-29 00:00:00,45569576.92016287
2017-04-30 00:00:00,43853713.714990795
2017-05-01 00:00:00,102136864.53701383
2017-05-02 00:00:00,86306466.16076525
2017-05-03 00:00:00,98768076.02241386
2017-05-04 00:00:00,178681011.55674708
2017-05-05 00:00:00,136654833.4594339
2017-05-06 00:00:00,68907283.75413479
2017-05-07 00:00:00,62492472.18849168
2017-05-08 00:00:00,139627613.28551883
2017-05-09 00:00:00,167512042.52841023
2017-05-10 00:00:00,131817395.91052718
2017-05-11 00:00:00,151505814.83102825
2017-05-12 00:00:00,139214052.65164253
2017-05-13 00:00:00,111469417.308369
2017-05-14 00:00:00,61547076.230614714
2017-05-15 00:00:00,102816017.7328264
2017-05-16 00:00:00,108385267.36933565
2017-05-17 00:00:00,132248945.78021987
2017-05-18 00:00:00,110766531.51847771
2017-05-19 00:00:00,154137281.04762277
2017-05-20 00:00:00,136549462.17992795
2017-05-21 00:00:00,128454137.15352945
2017-05-22 00:00:00,295717901.86295235
2017-05-23 00:00:00,203482045.58008078
2017-05-24 00:00:00,248904779.14844665
2017-05-25 00:00:00,401279047.70303935
2017-05-26 00:00:00,324426983.6410173
2017-05-27 00:00:00,321289966.61279124
2017-05-28 00:00:00,185870201.0672532
2017-05-29 00:00:00,133826839.14723794
2017-05-30 00:00:00,148703191.10427397
2017-05-31 00:00:00,204425185.1255558
2017-06-01 00:00:00,198826825.00748628
2017-06-02 00:00:00,122456001.78464411
2017-06-03 00:00:00,129006639.1283743
2017-06-04 00:00:00,120095754.43380383
2017-06-05 00:00:00,168803116.2943173
2017-06-06 00:00:00,371264851.94856316
2017-06-07 00:00:00,205713695.0411865
2017-06-08 00:00:00,174094195.56920913
2017-06-09 00:00:00,108367646.93500721
2017-06-10 00:00:00,154123952.09749928
2017-06-11 00:00:00,181774994.37694332
2017-06-12 00:00:00,393739719.8560203
2017-06-13 00:00:00,204283558.77325466
2017-06-14 00:00:00,268520562.44632876
2017-06-15 00:00:00,435834778.6454966
2017-06-16 00:00:00,195907758.54303885
2017-06-17 00:00:00,158849628.78788093
2017-06-18 00:00:00,146939437.21946678
2017-06-19 00:00:00,146249310.0476668
2017-06-20 00:00:00,204123502.96961603
2017-06-21 00:00:00,208033200.75403142
2017-06-22 00:00:00,143429984.70501465
2017-06-23 00:00:00,91452068.35525821
2017-06-24 00:00:00,146373123.47503456
2017-06-25 00:00:00,135111001.58831695
2017-06-26 00:00:00,237329706.38785124
2017-06-27 00:00:00,239311708.3413396
2017-06-28 00:00:00,157399624.66481197
2017-06-29 00:00:00,107906654.0618434
2017-06-30 00:00:00,103718383.04063688
2017-07-01 00:00:00,105511589.73927331
2017-07-02 00:00:00,96748666.51122706
2017-07-03 00:00:00,131455113.20711017
2017-07-04 00:00:00,130187106.93450896
2017-07-05 00:00:00,119861961.70348343
2017-07-06 00:00:00,93522266.98794703
2017-07-07 00:00:00,116912656.4443124
2017-07-08 00:00:00,91133549.9590164
2017-07-09 00:00:00,56620250.183561996
2017-07-10 00:00:00,163706108.82153362
2017-07-11 00:00:00,184411999.56184912
2017-07-12 00:00:00,153172924.85336658
2017-07-13 00:00:00,106346343.51029706
2017-07-14 00:00:00,133121604.15202287
2017-07-15 00:00:00,205297978.82580423
2017-07-16 00:00:00,152530374.28804657
2017-07-17 00:00:00,242313696.00736725
2017-07-18 00:00:00,262461203.84922445
2017-07-19 00:00:00,186988238.2237867
2017-07-20 00:00:00,281540460.6510425
2017-07-21 00:00:00,384806565.89971805
2017-07-22 00:00:00,215642445.09162393
2017-07-23 00:00:00,169964412.20341045
2017-07-24 00:00:00,139976350.7537848
2017-07-25 00:00:00,288015952.52724457
2017-07-26 00:00:00,176626997.82260647
2017-07-27 00:00:00,146490393.91523167
2017-07-28 00:00:00,232077673.06113806
2017-07-29 00:00:00,127294021.51886895
2017-07-30 00:00:00,152859034.1212597
2017-07-31 00:00:00,127009234.07663846
2017-08-01 00:00:00,214878001.37883702
2017-08-02 00:00:00,117440138.30737165
2017-08-03 00:00:00,113131475.0368071
2017-08-04 00:00:00,106217903.3954463
2017-08-05 00:00:00,344352179.13661176
2017-08-06 00:00:00,122798187.41230571
2017-08-07 00:00:00,198345493.0300774
2017-08-08 00:00:00,241759565.088791
2017-08-09 00:00:00,199170113.9757855
2017-08-10 00:00:00,153824056.618621
2017-08-11 00:00:00,195208159.0426822
2017-08-12 00:00:00,332122906.1376139
2017-08-13 00:00:00,381628414.1546703
2017-08-14 00:00:00,168021272.43739656
2017-08-15 00:00:00,592573698.1099374
2017-08-16 00:00:00,341988374.47941643
2017-08-17 00:00:00,351792037.6683817
2017-08-18 00:00:00,373082615.7580361
2017-08-19 00:00:00,322665040.3965485
2017-08-20 00:00:00,177654410.0991067
2017-08-21 00:00:00,123200186.5123889
2017-08-22 00:00:00,504190986.2284156
2017-08-23 00:00:00,257486335.94864237
2017-08-24 00:00:00,218844386.90985695
2017-08-25 00:00:00,246665524.6292582
2017-08-26 00:00:00,139377309.63647735
2017-08-27 00:00:00,112660557.88651253
2017-08-28 00:00:00,209634566.49566853
2017-08-29 00:00:00,317010671.8548901
2017-08-30 00:00:00,202687613.63990694
2017-08-31 00:00:00,220351499.90188968
2017-09-01 00:00:00,338585244.3527807
2017-09-02 00:00:00,440710136.09662324
2017-09-03 00:00:00,308302328.0212997
2017-09-04 00:00:00,513527217.62500376
2017-09-05 00:00:00,467133132.4971322
2017-09-06 00:00:00,384503428.8177615
2017-09-07 00:00:00,222544560.6030448
2017-09-08 00:00:00,503768705.75522035
2017-09-09 00:00:00,117381164.67126147
2017-09-10 00:00:00,331793077.94070375
2017-09-11 00:00:00,250115590.4300298
2017-09-12 00:00:00,311636501.2654974
2017-09-13 00:00:00,541722553.5428387
2017-09-14 00:00:00,736178849.3809645
2017-09-15 00:00:00,1267434715.9679632
2017-09-16 00:00:00,474370445.6741123
2017-09-17 00:00:00,249840870.73816603
2017-09-18 00:00:00,425335356.12640965
2017-09-19 00:00:00,349157038.32297957
2017-09-20 00:00:00,229919029.84766248
2017-09-21 00:00:00,385065464.59772885
2017-09-22 00:00:00,317303697.7252074
2017-09-23 00:00:00,179361985.99126774
2017-09-24 00:00:00,138592392.42948055
2017-09-25 00:00:00,284073950.9391744
2017-09-26 00:00:00,175299977.81306127
2017-09-27 00:00:00,357673848.68951017
2017-09-28 00:00:00,275531143.16024274
2017-09-29 00:00:00,289284083.40954936
2017-09-30 00:00:00,222088521.6719822
2017-10-01 00:00:00,171779832.26780057
2017-10-02 00:00:00,250398347.64562908
2017-10-03 00:00:00,256471830.90792736
2017-10-04 00:00:00,204003764.2335958
2017-10-05 00:00:00,87904264.41542768
2017-10-06 00:00:00,205812106.35166645
2017-10-07 00:00:00,89524651.87038891
2017-10-08 00:00:00,282133882.84246814
2017-10-09 00:00:00,397258570.199554
2017-10-10 00:00:00,347920434.56
2017-10-11 00:00:00,296445764.4234614
2017-10-12 00:00:00,680358364.3266706
2017-10-13 00:00:00,953598649.4834647
2017-10-14 00:00:00,328701504.6636471
2017-10-15 00:00:00,490476846.89475596
2017-10-16 00:00:00,322723336.5566526
2017-10-17 00:00:00,322503478.1204792
2017-10-18 00:00:00,627801313.9179745
2017-10-19 00:00:00,376178013.95121515
2017-10-20 00:00:00,583507046.8574011
2017-10-21 00:00:00,555571195.7118287
