datetime,close,high,low,open,volume
2017-06-01 00:00:00,2227.0,2238.999,2171.08644538,2196.99899999,2241842.7492467
2017-06-01 02:00:00,2249.9999818,2273.0,2227.00000001,2229.7509295,2785214.0464958
2017-06-01 04:00:00,2285.57368992,2315.0,2245.89,2249.9999818,5605431.5600516
2017-06-01 06:00:00,2324.84026559,2325.3402656,2282.0,2285.57368992,3020634.8134491
2017-06-01 08:00:00,2325.21000005,2350.00000008,2312.38,2324.84026558,3441036.1877097
2017-06-01 10:00:00,2339.79999899,2341.10000018,2307.6316381,2324.71000013,3222069.0512154
2017-06-01 12:00:00,2354.008,2367.80000999,2329.00000005,2332.60000004,2975325.4147675
2017-06-01 14:00:00,2280.0,2368.55663483,2249.85,2356.99999996,5812275.9540485
2017-06-01 16:00:00,2259.99999994,2289.9,2196.05999157,2280.00000005,5052952.5665987
2017-06-01 18:00:00,2289.8970722,2295.90151511,2247.03800003,2255.0,2169696.251955
2017-06-01 20:00:00,2299.98999985,2334.99999998,2284.20556012,2284.20556031,2345749.2766452
2017-06-01 22:00:00,2314.59525181,2323.00000009,2275.0,2300.0,2272652.8857648
2017-06-02 00:00:00,2299.0,2322.37939501,2274.92388313,2322.20898,1587568.9077311
2017-06-02 02:00:00,2334.5,2336.92803787,2293.42836527,2295.8843767,1205292.4693465
2017-06-02 04:00:00,2334.666164,2341.02887804,2312.275,2334.5,1841957.5597044
2017-06-02 06:00:00,2326.81991371,2349.9999996,2322.13060341,2337.7478825,1844381.3977604
2017-06-02 08:00:00,2303.6107606,2334.33990895,2268.5238484,2329.0,2814611.6647949
2017-06-02 10:00:00,2309.4808575,2320.62447363,2286.23486575,2304.6107606,1358801.4900868
2017-06-02 12:00:00,2283.89999999,2320.0,2267.9299436,2304.40076354,2073805.9100876
2017-06-02 14:00:00,2317.0,2322.21614484,2271.0,2277.0,2074641.4689397
2017-06-02 16:00:00,2322.1,2332.0,2291.22351,2322.13099997,1769915.10439
2017-06-02 18:00:00,2333.99999993,2337.56482201,2322.1,2324.0,1275892.8768331
2017-06-02 20:00:00,2379.6838558,2386.98841849,2330.15768229,2332.47388817,2350937.4064795
2017-06-02 22:00:00,2408.0,2413.92321999,2366.58212315,2379.8980716,2166751.1682383
2017-06-03 00:00:00,2394.99999992,2413.4658303,2377.0,2413.0,2404638.0986746
2017-06-03 02:00:00,2385.799571,2407.33459002,2382.13662993,2394.99999992,1249551.6889525
2017-06-03 04:00:00,2365.0,2387.41549611,2344.2680156,2385.799571,2479155.6763841
2017-06-03 06:00:00,2395.00000001,2400.0,2364.13111111,2365.0,1447577.2315983
2017-06-03 08:00:00,2417.5,2417.50000001,2391.7098741,2397.99999991,1829520.6800141
2017-06-03 10:00:00,2419.989,2429.89999999,2396.83925632,2417.5,2270417.5774041
2017-06-03 12:00:00,2417.999999,2434.0,2398.001,2419.989,1310098.2725034
2017-06-03 14:00:00,2451.0,2456.3,2406.97099621,2416.99999995,2099488.4533087
2017-06-03 16:00:00,2452.19480664,2475.0,2435.14641289,2451.00000001,2430634.0458926
2017-06-03 18:00:00,2445.01930126,2473.47723743,2425.30306754,2455.0,2534945.2207539
2017-06-03 20:00:00,2451.28516155,2475.00000007,2430.0,2443.99999997,2165996.2036295
2017-06-03 22:00:00,2455.30084836,2482.25,2447.38720011,2451.28516148,1465255.812453
2017-06-04 00:00:00,2432.72326629,2463.92381509,2419.70179575,2460.22139999,2551985.136046
2017-06-04 02:00:00,2424.65169443,2433.23578756,2374.0,2428.00000006,3070046.3908169
2017-06-04 04:00:00,2436.69280679,2453.01278208,2413.77226906,2424.65169443,1232047.6050217
2017-06-04 06:00:00,2446.02188572,2447.99999997,2412.88,2436.69280679,1478787.2620988
2017-06-04 08:00:00,2474.4342093,2484.51099992,2441.67944395,2447.01094284,1613333.6204085
2017-06-04 10:00:00,2483.34683514,2485.27944395,2452.10864488,2475.0000002,1466797.9864875
2017-06-04 12:00:00,2480.15334675,2497.21329063,2464.36583603,2483.34683514,1915743.9885852
2017-06-04 14:00:00,2478.60087615,2494.0,2470.0,2480.0,2020137.2644422
2017-06-04 16:00:00,2475.74,2483.0,2467.369567,2478.60087615,1919288.8584478
2017-06-04 18:00:00,2456.19452001,2490.0,2456.19452001,2475.74000001,852506.31637357
2017-06-04 20:00:00,2468.33428476,2477.81972229,2425.0,2457.41420395,2005917.084423
2017-06-04 22:00:00,2483.55,2485.00010002,2450.4530677,2468.33428472,1205429.7350675
2017-06-05 00:00:00,2505.01000099,2520.0,2478.00000001,2483.55,1278974.9453933
2017-06-05 02:00:00,2526.79127587,2535.0,2495.00000005,2505.01000086,1169982.7244218
2017-06-05 04:00:00,2499.63347167,2532.99999996,2497.00000001,2529.99999999,1292194.5014639
2017-06-05 06:00:00,2509.50000015,2526.03642309,2498.05000005,2501.99979121,1250651.1367586
2017-06-05 08:00:00,2496.85064219,2509.99999996,2477.48999998,2506.0,1913555.4161124
2017-06-05 10:00:00,2516.93278514,2526.54,2496.85064221,2496.85064221,1463386.7624726
2017-06-05 12:00:00,2531.0,2532.5,2501.25487612,2517.50000004,1083243.7042089
2017-06-05 14:00:00,2546.0,2575.0,2517.01558223,2530.55,2085815.9902122
2017-06-05 16:00:00,2563.64999971,2566.99999999,2535.05550001,2546.0,1927588.9654161
2017-06-05 18:00:00,2576.57771044,2599.0,2551.08796242,2563.64999971,2978742.5349998
2017-06-05 20:00:00,2597.5,2632.0,2575.000001,2576.57771045,3581276.0591491
2017-06-05 22:00:00,2635.35652085,2635.35652085,2596.93593537,2597.999,2346817.0972964
2017-06-06 00:00:00,2666.96962469,2689.442028,2580.0,2635.00000005,7497334.2425677
2017-06-06 02:00:00,2757.99999999,2795.09,2648.96825573,2667.01,11506419.267841
2017-06-06 04:00:00,2755.20999999,2797.0,2720.1,2757.99999999,6054827.5912417
2017-06-06 06:00:00,2758.0,2799.99,2748.0,2758.4733266,5002088.6085448
2017-06-06 08:00:00,2823.60000004,2829.0,2750.0,2758.0,3759854.856625
2017-06-06 10:00:00,2819.9,2828.9999998,2785.0,2823.60000004,2824049.491067
2017-06-06 12:00:00,2873.0,2894.99999999,2815.76636802,2819.89999999,7581619.9706594
2017-06-06 14:00:00,2790.0,2873.0,2757.111,2873.0,10745289.448119
2017-06-06 16:00:00,2767.0,2796.6,2652.0,2790.0,15547766.371543
2017-06-06 18:00:00,2840.2,2847.0,2757.0,2760.0,5334087.903263
2017-06-06 20:00:00,2839.00000002,2852.96849674,2800.0,2840.200001,2957431.5128642
2017-06-06 22:00:00,2846.0,2882.1299999,2820.06318,2840.6187102,3112415.1818297
2017-06-07 00:00:00,2818.00000003,2862.54525257,2800.0,2846.00000001,3235066.7533792
2017-06-07 02:00:00,2840.99794644,2855.0,2818.00000003,2818.00000006,2333623.990542
2017-06-07 04:00:00,2829.80431395,2860.0,2826.2432378,2840.99794643,2201653.0596713
2017-06-07 06:00:00,2793.70516897,2830.0,2752.67800586,2829.58575077,4684444.317196
2017-06-07 08:00:00,2826.0,2826.1464077,2758.00000001,2793.70516897,2599660.3083778
2017-06-07 10:00:00,2800.0,2826.0,2791.39995291,2819.0,2661722.9942965
2017-06-07 12:00:00,2807.26309012,2820.0,2795.0,2800.0,3048041.7716809
2017-06-07 14:00:00,2750.0,2814.0,2715.0,2800.10000001,5294169.0630713
2017-06-07 16:00:00,2774.88131583,2790.53523786,2721.09762359,2750.0,3556847.966872
2017-06-07 18:00:00,2759.40406492,2784.48090654,2752.70457538,2774.88131583,1973731.2996977
2017-06-07 20:00:00,2622.0,2762.71239281,2600.00000004,2757.00000001,7534483.4315939
2017-06-07 22:00:00,2645.50430872,2686.57628789,2564.0,2622.00000001,9946985.4003448
2017-06-08 00:00:00,2659.99,2670.99999996,2558.9,2645.50430872,6264082.5072713
2017-06-08 02:00:00,2690.99999999,2695.8424839,2634.02985325,2661.9,2641185.2291287
2017-06-08 04:00:00,2764.26561561,2769.62399999,2690.99999999,2690.99999999,3632898.7398059
2017-06-08 06:00:00,2730.1,2784.51972156,2718.38206689,2764.26561561,3659886.3380407
2017-06-08 08:00:00,2762.59999994,2762.99999997,2726.80000001,2730.1,1454206.4626822
2017-06-08 10:00:00,2726.70000012,2778.61,2724.21000001,2762.59999994,1921093.6276258
2017-06-08 12:00:00,2680.2412,2734.0264794,2676.22000001,2729.99999999,2789300.7647354
2017-06-08 14:00:00,2694.0,2725.0,2656.4261801,2680.2412,2905741.9169878
2017-06-08 16:00:00,2710.50000002,2726.41595319,2679.28548797,2694.0,2018094.5309887
2017-06-08 18:00:00,2735.49999999,2735.80544432,2687.0,2709.99999999,2345188.6643817
2017-06-08 20:00:00,2760.0,2772.0,2720.00000002,2735.0,2260390.3953523
2017-06-08 22:00:00,2788.0,2797.14511794,2741.01023815,2760.0,2121343.7635536
2017-06-09 00:00:00,2811.77251524,2812.99999999,2769.11589253,2786.16326382,2504192.8550753
2017-06-09 02:00:00,2785.51,2830.4285873,2785.51,2811.77251524,2999836.3212288
2017-06-09 04:00:00,2786.00000001,2808.0,2785.51,2785.51,1739844.0371306
2017-06-09 06:00:00,2793.99999979,2798.04707031,2772.37523782,2788.6890594,2064322.8298231
2017-06-09 08:00:00,2803.0,2815.0,2785.61002026,2793.99999979,1389398.8945484
2017-06-09 10:00:00,2806.0,2810.0,2787.12000002,2799.99999999,1334199.9649772
2017-06-09 12:00:00,2826.55,2826.55,2800.0,2801.81717994,1501314.0878178
2017-06-09 14:00:00,2839.99999991,2850.99999949,2825.9,2827.0,3646385.4353505
2017-06-09 16:00:00,2844.0,2850.0,2820.65342139,2839.0,2188003.5369224
2017-06-09 18:00:00,2825.93962197,2844.0,2801.90000001,2842.0,1994700.8548881
2017-06-09 20:00:00,2828.49999999,2833.96725944,2809.08604848,2825.93962197,1779073.3491419
2017-06-09 22:00:00,2816.09973687,2828.54509719,2793.01496208,2824.54603157,2134153.8298762
2017-06-10 00:00:00,2827.80009234,2832.49216067,2812.62426283,2813.0,1632509.170515
2017-06-10 02:00:00,2834.98989989,2840.7,2820.23132011,2827.80009234,1644780.3284868
2017-06-10 04:00:00,2814.08346819,2837.97999998,2808.99999998,2834.98989986,1466971.0839991
2017-06-10 06:00:00,2787.73458182,2823.79089997,2785.0009,2809.67562753,2813157.0946978
2017-06-10 08:00:00,2810.1466555,2820.01,2785.12041544,2794.6479774,1400045.2811019
2017-06-10 10:00:00,2867.99999989,2880.0,2810.14665551,2815.26167044,2587340.4413248
2017-06-10 12:00:00,2883.25947,2906.16026926,2857.51467542,2863.1,3206590.2940468
2017-06-10 14:00:00,2834.96956942,2890.48124338,2825.09669757,2881.11876462,2475360.4440836
2017-06-10 16:00:00,2820.50641474,2874.56873189,2820.0,2834.96956942,4226442.3224486
2017-06-10 18:00:00,2829.35000003,2840.02355068,2800.0,2821.0,2512893.6722757
2017-06-10 20:00:00,2780.37792766,2847.01505705,2760.0,2829.35000004,3366906.9019435
2017-06-10 22:00:00,2811.82022002,2838.23500629,2778.00000002,2783.08074735,3287795.0118118
2017-06-11 00:00:00,2846.4052936,2875.0,2799.72506628,2803.99990001,3552724.1112304
2017-06-11 02:00:00,2821.92761639,2850.0,2816.0,2849.99999999,1830270.27945
2017-06-11 04:00:00,2822.17988356,2823.99999999,2784.00000002,2821.92761625,2277770.0997897
2017-06-11 06:00:00,2822.58849565,2832.81163198,2805.24227107,2817.25363919,1137532.9182713
2017-06-11 08:00:00,2815.5705085,2838.02633059,2807.11717069,2822.58849564,1668772.4399896
2017-06-11 10:00:00,2826.46527482,2836.2486363,2806.09,2817.69111775,2063376.6036956
2017-06-11 12:00:00,2875.0,2879.99999999,2822.47656195,2829.36527479,3142143.9192873
2017-06-11 14:00:00,2944.0,2975.0,2859.73135599,2875.59294448,5481610.8804481
2017-06-11 16:00:00,2923.599999,2977.0,2920.00542547,2944.0,3275621.4844142
2017-06-11 18:00:00,2928.27415191,2942.1825182,2905.00000001,2923.6,2304474.7884238
2017-06-11 20:00:00,2932.81015288,2953.0,2910.86049806,2924.41612886,2313124.4355836
2017-06-11 22:00:00,2937.1,2944.69596656,2919.71,2923.46674593,1783256.6352419
2017-06-12 00:00:00,2960.0,2960.0,2932.00000056,2937.1,1571496.9226921
2017-06-12 02:00:00,2940.77048798,2965.0,2920.0,2960.0,2272060.2287953
2017-06-12 04:00:00,2899.88571124,2951.31685009,2892.0,2940.77048798,3443025.2475734
2017-06-12 06:00:00,2887.0,2905.0,2855.25952321,2899.99990002,3231487.6940106
2017-06-12 08:00:00,2835.0,2895.36866193,2812.34560002,2887.0,3621689.8042552
2017-06-12 10:00:00,2625.0,2847.0,2520.000027,2835.14175,16381571.471848
2017-06-12 12:00:00,2716.0,2735.00000006,2616.00000101,2625.0,8842640.5945769
2017-06-12 14:00:00,2648.0,2730.00000001,2560.0,2716.0,7186399.6202687
2017-06-12 16:00:00,2455.0,2666.87499999,2300.0,2648.0,17268310.451147
2017-06-12 18:00:00,2430.08498173,2550.0,2380.00000003,2456.85931299,10981995.973089
2017-06-12 20:00:00,2557.0,2580.0,2419.99990002,2419.99990002,7990806.4174438
2017-06-12 22:00:00,2571.05013426,2588.0,2477.0,2557.0,5913226.2097388
2017-06-13 00:00:00,2559.71940169,2648.0,2530.0,2566.50556852,5634169.7096081
2017-06-13 02:00:00,2535.83800035,2595.00471885,2513.58496152,2555.39075255,4826495.0392398
2017-06-13 04:00:00,2604.00000002,2622.80762074,2532.2265517,2535.83800034,3871949.5267829
2017-06-13 06:00:00,2699.91115489,2715.0,2604.00000002,2604.00000002,4455323.9062313
2017-06-13 08:00:00,2617.5,2700.78231635,2613.0,2699.91115489,4040091.8607496
2017-06-13 10:00:00,2611.71240925,2652.99999998,2566.0,2617.5,3471213.8882457
2017-06-13 12:00:00,2658.88018352,2668.39832121,2595.00350767,2611.71240926,2765070.7791818
2017-06-13 14:00:00,2680.0,2688.0,2626.00000001,2664.0,2136163.5168662
2017-06-13 16:00:00,2713.42,2733.27899999,2672.82059966,2685.25265161,3427101.2549434
2017-06-13 18:00:00,2695.999999,2750.0,2658.45451447,2713.42,2844562.1959659
2017-06-13 20:00:00,2677.83433526,2698.9999,2650.0,2695.999999,3115239.1433398
2017-06-13 22:00:00,2676.77469678,2689.27634276,2665.99999999,2685.40224416,1663915.9464843
2017-06-14 00:00:00,2708.89466318,2719.99999998,2665.40423003,2671.00086237,1919317.7436295
2017-06-14 02:00:00,2696.00000001,2729.21,2696.00000001,2708.89466318,1610970.5571555
2017-06-14 04:00:00,2699.2178393,2709.78320393,2690.25391796,2696.00000001,1850026.4473754
2017-06-14 06:00:00,2648.8,2723.99999993,2628.0,2703.00000002,3891310.4700555
2017-06-14 08:00:00,2660.0000001,2672.0,2613.44133315,2648.8,3185003.2023617
2017-06-14 10:00:00,2647.57645706,2675.0,2645.80253875,2660.0000001,1786134.8907173
2017-06-14 12:00:00,2509.0,2661.25990666,2415.0,2647.57645707,9290815.1480906
2017-06-14 14:00:00,2510.0,2543.64299999,2402.11010101,2510.0,9609586.1611138
2017-06-14 16:00:00,2470.0,2510.0,2350.0,2510.0,9670629.8423696
2017-06-14 18:00:00,2476.337771,2529.95,2445.02082148,2470.0,5570689.1374488
2017-06-14 20:00:00,2394.99999995,2505.07334548,2371.03,2476.04781446,4682528.4836296
2017-06-14 22:00:00,2386.78070979,2417.5,2273.1,2394.99999995,10116076.051953
2017-06-15 00:00:00,2433.30426794,2440.0,2306.8,2386.7807098,5465337.2922956
2017-06-15 02:00:00,2404.53258412,2459.85750006,2380.000303,2434.60879045,2841174.1617351
2017-06-15 04:00:00,2222.81839612,2404.56789094,2220.0,2400.66811167,6941889.9231638
2017-06-15 06:00:00,2350.0,2350.0,2115.0,2221.99999995,13874537.660793
2017-06-15 08:00:00,2261.39666675,2380.12067829,2253.12,2350.0,5755508.2143398
2017-06-15 10:00:00,2182.30000006,2317.03633733,2151.00000002,2265.0,10286224.9205
2017-06-15 12:00:00,2050.10400001,2302.18310212,2050.104,2182.0,14312033.684499
2017-06-15 14:00:00,2168.99999992,2190.92239817,2012.0,2051.00000003,17386146.416585
2017-06-15 16:00:00,2193.0,2310.0,2168.99999992,2169.1,10013508.565582
2017-06-15 18:00:00,2329.91432611,2350.49229795,2175.2,2181.380205,5073197.0980778
2017-06-15 20:00:00,2367.80879244,2391.5004,2267.12474805,2329.91432611,5894787.8706604
2017-06-15 22:00:00,2374.46992685,2410.00000003,2324.48352944,2367.80879244,6833188.1658876
2017-06-16 00:00:00,2280.9310546,2391.02770249,2265.83659837,2374.46992799,5235656.4572006
2017-06-16 02:00:00,2325.84500326,2337.24228999,2240.0,2278.77944586,4009580.1006859
2017-06-16 04:00:00,2371.4180818,2390.74335293,2323.95407253,2329.83517237,2804852.1519643
2017-06-16 06:00:00,2370.0,2429.99999999,2360.1111,2371.0,3936481.846451
2017-06-16 08:00:00,2438.79479638,2442.0,2366.00000003,2370.0,3100535.8241565
2017-06-16 10:00:00,2365.0,2454.42544815,2335.32,2437.92129,4393575.1834408
2017-06-16 12:00:00,2378.35514377,2394.66,2318.0,2356.54386862,4992597.852927
2017-06-16 14:00:00,2393.62324123,2406.67156618,2370.86153259,2378.29896829,3472354.884249
2017-06-16 16:00:00,2435.0,2455.0,2395.55211023,2397.0734951,3387462.8716869
2017-06-16 18:00:00,2470.76213669,2474.0,2421.41678976,2435.0,2879151.6035995
2017-06-16 20:00:00,2439.07,2477.48703455,2416.0,2470.7621367,2429559.4787359
2017-06-16 22:00:00,2435.00000001,2442.0,2387.67982769,2439.07,2838158.3699714
2017-06-17 00:00:00,2386.8,2438.49136377,2369.61451577,2438.49136377,3228702.5995267
2017-06-17 02:00:00,2430.78625841,2437.00000003,2373.59325802,2388.0,2823864.9999263
2017-06-17 04:00:00,2450.9,2455.00000013,2415.50000001,2419.0,2252221.2554439
2017-06-17 06:00:00,2452.6564837,2480.0,2442.83735343,2450.9,2772378.6515728
2017-06-17 08:00:00,2499.73743735,2499.73743735,2450.55278567,2452.7791328,1944498.2703239
2017-06-17 10:00:00,2538.51142487,2550.5906714,2494.22440018,2499.7374373,3822592.5164725
2017-06-17 12:00:00,2517.82649786,2548.2372239,2496.03644398,2539.62145184,3327668.2087766
2017-06-17 14:00:00,2579.11110999,2579.11111,2508.48940113,2512.75000001,2703187.6760128
2017-06-17 16:00:00,2596.0,2616.38291276,2554.0,2579.11110999,4780243.1876149
2017-06-17 18:00:00,2622.54750733,2630.00000002,2592.5,2592.5,3616373.1823624
2017-06-17 20:00:00,2617.0,2640.0,2596.00000001,2622.54750735,2536407.9299439
2017-06-17 22:00:00,2607.14769572,2638.76999999,2601.846487,2620.10471778,2992781.2372047
2017-06-18 00:00:00,2610.18,2620.52753992,2556.32051439,2607.14769572,3892293.7335582
2017-06-18 02:00:00,2628.8020398,2640.44856603,2607.94849264,2610.18,2940640.8011848
2017-06-18 04:00:00,2607.975241,2638.02733796,2592.00000001,2628.80203972,3997952.4294838
2017-06-18 06:00:00,2430.99999999,2616.299529,2430.99999999,2603.95312766,6687150.7276219
2017-06-18 08:00:00,2513.086911,2538.0,2408.0,2431.12,6689876.7317194
2017-06-18 10:00:00,2563.43619716,2570.0,2507.00000001,2513.086911,2708354.7624372
2017-06-18 12:00:00,2516.73502804,2569.64527234,2500.900781,2563.4667438,3120298.2347223
2017-06-18 14:00:00,2533.0,2536.9,2480.0,2508.74234595,3889972.7238824
2017-06-18 16:00:00,2529.19999999,2559.46914473,2523.31349001,2531.0,1862175.3598899
2017-06-18 18:00:00,2467.82971279,2530.96106769,2441.95771243,2529.19999999,3850847.1148801
2017-06-18 20:00:00,2466.52130294,2492.96272249,2413.33496422,2465.00000005,4901390.9781872
2017-06-18 22:00:00,2492.3,2499.3107361,2434.94528092,2464.66850555,1870805.8807648
2017-06-19 00:00:00,2490.36921363,2525.0,2485.18461046,2491.12119074,2344285.8176231
2017-06-19 02:00:00,2537.53275937,2554.9162803,2483.15057429,2490.36921363,2224337.0796547
2017-06-19 04:00:00,2562.02181227,2564.99999999,2531.38957503,2539.37780507,1231637.1765425
2017-06-19 06:00:00,2559.87407602,2596.3421559,2552.0,2564.01843299,3168688.5430816
2017-06-19 08:00:00,2519.89604549,2571.50274137,2495.0,2559.87407602,2760734.6787186
2017-06-19 10:00:00,2504.0,2540.17032436,2481.49782383,2511.21408014,2737459.8651356
2017-06-19 12:00:00,2552.0,2556.60988505,2500.0,2503.2300952,2304313.9601439
2017-06-19 14:00:00,2532.36245383,2565.575,2527.72589565,2552.0,3147973.59333
2017-06-19 16:00:00,2583.0,2589.56112856,2531.00000006,2533.74407273,2744707.8468115
2017-06-19 18:00:00,2546.77509322,2596.31121928,2537.67777234,2582.84863952,2210922.7156204
2017-06-19 20:00:00,2558.54625331,2575.66899958,2541.87181802,2546.77509323,1233051.0874059
2017-06-19 22:00:00,2583.04709526,2591.0,2554.41918774,2556.37184892,2186294.2591552
2017-06-20 00:00:00,2608.07209568,2620.358887,2580.98559748,2584.99999992,2329898.8847145
2017-06-20 02:00:00,2593.08951091,2610.62356698,2584.94882026,2608.07209567,1610679.0514774
2017-06-20 04:00:00,2597.8,2600.0,2573.2761859,2595.26005268,1971807.1154758
2017-06-20 06:00:00,2599.87,2612.0,2584.98054738,2597.8,2730504.6322473
2017-06-20 08:00:00,2576.96595671,2600.0,2563.73,2599.86999996,2243111.3943225
2017-06-20 10:00:00,2603.92272769,2603.92272769,2570.00000111,2576.96595681,1414052.1257218
2017-06-20 12:00:00,2626.4314,2632.82075136,2595.77216898,2603.94973249,2671910.3383208
2017-06-20 14:00:00,2647.29989476,2660.01000004,2622.21101112,2628.36940231,3309895.7176021
2017-06-20 16:00:00,2692.53825027,2703.35750419,2626.45034091,2649.0,3154954.5833528
2017-06-20 18:00:00,2735.0,2785.52657367,2686.0,2686.99999999,7816673.1947777
2017-06-20 20:00:00,2745.0,2755.0,2712.0,2742.0,4214420.4127762
2017-06-20 22:00:00,2668.00000301,2745.00000001,2664.0,2745.00000001,3435946.6018368
2017-06-21 00:00:00,2692.44470515,2713.49928045,2661.0,2668.00000301,2071417.3547436
2017-06-21 02:00:00,2739.0,2739.71646537,2674.5766176,2697.0,2292973.0803421
2017-06-21 04:00:00,2692.00000003,2775.81626497,2692.00000002,2739.0,3971333.0237641
2017-06-21 06:00:00,2706.88871042,2706.91693961,2620.0,2694.0,5925695.4810319
2017-06-21 08:00:00,2671.0,2725.8863438,2666.42743791,2706.88871042,2207334.1008838
2017-06-21 10:00:00,2690.89687625,2706.0,2639.96380343,2670.99999999,2607497.5987916
2017-06-21 12:00:00,2695.23787684,2726.65098314,2684.25103289,2696.01160685,2636461.527236
2017-06-21 14:00:00,2676.06996599,2715.16396638,2640.0,2702.52266131,3296422.8288505
2017-06-21 16:00:00,2660.99279469,2700.0,2641.89261591,2676.069966,2526169.2874305
2017-06-21 18:00:00,2652.0,2692.33333333,2643.11000022,2660.99279469,3359796.7536409
2017-06-21 20:00:00,2579.9999999,2666.68414065,2541.20794418,2652.0,7587633.0447682
2017-06-21 22:00:00,2620.0,2632.1044394,2564.40023363,2579.9999999,5332921.9288754
2017-06-22 00:00:00,2615.52594849,2640.0,2588.00000001,2624.90653876,2323756.4488363
2017-06-22 02:00:00,2609.99999989,2629.03548547,2601.87550947,2615.52594849,1422112.5280452
2017-06-22 04:00:00,2582.837832,2614.34499999,2544.0,2614.0,2579413.037091
2017-06-22 06:00:00,2600.0,2623.98142495,2582.83783201,2582.8380916,1812223.948581
2017-06-22 08:00:00,2617.00000001,2618.36410617,2569.3353848,2600.0,2591817.9772145
2017-06-22 10:00:00,2639.99,2654.20650219,2617.59361035,2617.99,2026042.5912782
2017-06-22 12:00:00,2666.35752503,2670.38009305,2628.33333333,2639.99999,2096358.7207144
2017-06-22 14:00:00,2697.99999997,2700.0,2662.55201375,2666.35752503,2036794.1459893
2017-06-22 16:00:00,2690.0,2704.39216362,2683.21342001,2699.0,1390461.2984132
2017-06-22 18:00:00,2673.0,2704.94331536,2660.0,2690.0,1184461.9390041
2017-06-22 20:00:00,2672.38336033,2690.0,2644.0,2673.0,1743563.3969117
2017-06-22 22:00:00,2673.37636987,2691.7,2661.001,2670.0930251,1097641.5359828
2017-06-23 00:00:00,2701.0,2706.8,2671.04789953,2675.32267508,1074381.1925728
2017-06-23 02:00:00,2696.11191357,2714.81657054,2690.0,2701.23525888,972805.24769279
2017-06-23 04:00:00,2691.7,2702.54441479,2682.12000008,2691.54,1033211.1852099
2017-06-23 06:00:00,2684.99999997,2691.82667865,2666.0,2691.7,1020180.6517676
2017-06-23 08:00:00,2672.58342966,2687.3674724,2650.0,2684.99999997,1249819.0956141
2017-06-23 10:00:00,2681.87391695,2688.2964534,2669.34481986,2672.58342966,545321.28351643
2017-06-23 12:00:00,2687.5,2691.79630093,2675.0,2681.87391695,1451175.3564893
2017-06-23 14:00:00,2699.49999999,2714.92092529,2683.91482966,2687.5,1102027.0243737
2017-06-23 16:00:00,2714.0,2720.0,2692.68533458,2699.0,1244161.955399
2017-06-23 18:00:00,2704.0,2713.35952433,2695.0,2713.33907269,756972.26611684
2017-06-23 20:00:00,2692.61665412,2715.64071202,2676.00999999,2702.1,1561717.7021778
2017-06-23 22:00:00,2670.0,2700.0,2665.23294815,2692.7378678,1078458.9034571
2017-06-24 00:00:00,2680.0,2687.99999999,2669.47738267,2670.881526,854794.92292227
2017-06-24 02:00:00,2664.90169157,2685.20849386,2664.00000001,2680.0,1041980.7074861
2017-06-24 04:00:00,2680.0,2687.48950324,2660.0,2664.90169157,1224281.9271271
2017-06-24 06:00:00,2670.94798999,2685.25131397,2662.80874299,2677.62140379,1014765.1615536
2017-06-24 08:00:00,2665.0,2674.99999,2653.11142324,2672.3849426,895864.35839487
2017-06-24 10:00:00,2664.88218724,2674.0,2651.68,2660.66547273,822553.18795073
2017-06-24 12:00:00,2500.0,2672.0,2494.0,2664.88218724,6296478.5832095
2017-06-24 14:00:00,2597.00000001,2600.0,2487.11,2500.0,6949613.924958
2017-06-24 16:00:00,2575.0,2611.98,2567.32000218,2599.09999999,2871314.5994185
2017-06-24 18:00:00,2477.01000001,2581.40424279,2465.0,2577.19596926,5672131.5512467
2017-06-24 20:00:00,2520.77406384,2541.7373393,2450.92370001,2480.0,4124129.9911484
2017-06-24 22:00:00,2503.48203847,2525.45454544,2458.0,2523.65907988,2320654.8167774
2017-06-25 00:00:00,2475.2,2507.39978733,2431.69446947,2503.4303456,4205998.5322776
2017-06-25 02:00:00,2481.94224365,2499.0,2453.86502856,2475.2,3052735.2286699
2017-06-25 04:00:00,2530.23049143,2534.26580237,2476.76572208,2481.9,1242720.3892055
2017-06-25 06:00:00,2512.51159982,2549.99999999,2512.51159982,2530.23049143,2023347.0837342
2017-06-25 08:00:00,2566.00000001,2573.41317028,2512.51159982,2514.0,1752839.549937
2017-06-25 10:00:00,2588.10375282,2598.448888,2542.9090909,2566.00000001,2788368.649397
2017-06-25 12:00:00,2583.0,2602.08518563,2562.76304931,2588.10375282,2460036.026552
2017-06-25 14:00:00,2524.00000003,2586.88886374,2518.00000001,2583.0,3167399.0706523
2017-06-25 16:00:00,2552.41025813,2554.99999999,2522.63432139,2524.00000003,1288062.1944398
2017-06-25 18:00:00,2454.0,2561.80499999,2436.30000001,2552.99999999,4626874.6684295
2017-06-25 20:00:00,2428.0,2486.49999998,2359.10291486,2450.99999999,8013210.5623132
2017-06-25 22:00:00,2481.8117977,2488.07664344,2381.20088211,2427.99999999,6938612.4780107
2017-06-26 00:00:00,2500.0,2500.0,2446.55228983,2479.9,2679299.6733299
2017-06-26 02:00:00,2503.98777909,2507.0,2472.76336981,2499.99999999,2098851.1045197
2017-06-26 04:00:00,2457.05295238,2508.92659464,2432.00000001,2503.98777909,2698556.8297316
2017-06-26 06:00:00,2382.0,2458.28493065,2358.00000001,2457.05295238,6494101.5465806
2017-06-26 08:00:00,2460.44093373,2462.70790437,2367.80000001,2382.00000001,5087413.9085329
2017-06-26 10:00:00,2412.42229687,2458.31358101,2383.79786544,2458.31358101,3548788.7527783
2017-06-26 12:00:00,2413.00000004,2455.0,2389.93661101,2412.11583576,2886122.7851003
2017-06-26 14:00:00,2311.49300695,2418.48957454,2286.0,2413.00000004,8588142.8524439
2017-06-26 16:00:00,2325.23051835,2373.3998639,2261.0,2311.49300694,12684136.214086
2017-06-26 18:00:00,2235.20000006,2338.99999999,2222.89290482,2322.90479717,8767971.7071189
2017-06-26 20:00:00,2379.05614238,2400.0,2192.00000001,2235.20000006,11600980.216268
2017-06-26 22:00:00,2395.28891992,2439.75310916,2330.0,2379.0,6706115.1624473
2017-06-27 00:00:00,2423.26195735,2427.11574372,2308.10791,2393.38025002,4935178.3467938
2017-06-27 02:00:00,2422.80241237,2463.08758765,2406.0417232,2423.26195735,3081307.5591077
2017-06-27 04:00:00,2423.26116291,2434.99005,2371.60661606,2421.5,3262608.37133
2017-06-27 06:00:00,2324.12183767,2431.13188863,2315.00000001,2425.29537857,5783639.2453637
2017-06-27 08:00:00,2332.10000002,2358.3,2300.71,2324.12183767,3691066.8269333
2017-06-27 10:00:00,2308.0,2368.0,2299.66666666,2334.0,3590852.9217816
2017-06-27 12:00:00,2265.10000004,2360.97756511,2251.11,2306.0,4910783.7063869
2017-06-27 14:00:00,2291.81034548,2292.98893046,2168.333,2269.99999999,10867877.77486
2017-06-27 16:00:00,2317.0,2322.17034171,2237.51096483,2292.98893044,5501431.8808453
2017-06-27 18:00:00,2381.58305954,2399.23551693,2294.82,2317.0,5056460.1562382
2017-06-27 20:00:00,2400.00474907,2438.48745705,2380.23000001,2381.24796,5518417.813399
2017-06-27 22:00:00,2510.0,2515.99999999,2397.59020004,2399.10000005,6226695.1758997
2017-06-28 00:00:00,2420.99999999,2512.0,2404.00000005,2510.0,4932456.4580213
2017-06-28 02:00:00,2482.88999999,2482.89,2417.35666044,2420.99999999,3333772.74244
2017-06-28 04:00:00,2429.7299198,2484.80710929,2390.38105202,2480.85557619,2801171.6350955
2017-06-28 06:00:00,2474.09359893,2478.89437957,2415.53963219,2431.54119759,2504997.320943
2017-06-28 08:00:00,2470.0,2478.89437955,2428.88415274,2474.09359893,2624811.0688889
2017-06-28 10:00:00,2482.07273054,2490.0,2452.0,2470.09842078,2247522.6932259
2017-06-28 12:00:00,2507.0,2517.30391393,2470.06283975,2482.0,4382863.7566033
2017-06-28 14:00:00,2477.0,2511.79999999,2440.0,2508.0,4791524.789118
2017-06-28 16:00:00,2485.97112553,2493.62669122,2440.0,2476.99999999,2732416.8831876
2017-06-28 18:00:00,2495.00000024,2504.65572391,2464.50146281,2484.10000001,1851842.495924
2017-06-28 20:00:00,2550.0,2560.79000002,2500.0,2502.0,4395426.2314896
2017-06-28 22:00:00,2513.00000002,2556.0000007,2480.0,2550.0,3078033.1084895
2017-06-29 00:00:00,2520.69450162,2525.240626,2490.0,2517.99999998,2139845.4405346
2017-06-29 02:00:00,2525.99999999,2537.48020931,2498.78529443,2520.5810738,1264991.8768872
2017-06-29 04:00:00,2504.86538045,2537.99999999,2503.5,2523.36242512,1392579.697831
2017-06-29 06:00:00,2506.88731412,2528.90913337,2502.95500001,2504.86538045,999688.86010083
2017-06-29 08:00:00,2476.0,2523.21108238,2473.00413382,2509.0,3275746.1702167
2017-06-29 10:00:00,2471.39913167,2485.15547777,2398.9622295,2476.0,8895367.0900364
2017-06-29 12:00:00,2437.20202003,2475.46814866,2421.0,2471.39913167,3088148.842986
2017-06-29 14:00:00,2488.9972177,2495.32695341,2436.0,2437.20202002,2382013.8570592
2017-06-29 16:00:00,2528.1517424,2539.5783773,2482.85705324,2487.18839999,3367101.3436527
2017-06-29 18:00:00,2504.0,2530.0,2499.00398407,2528.30247227,1675111.6609775
2017-06-29 20:00:00,2503.0951649,2526.37045009,2488.96894644,2504.0,1570887.4858057
2017-06-29 22:00:00,2468.47472319,2508.32353,2456.61471407,2507.08516489,1687225.2449019
2017-06-30 00:00:00,2478.33,2493.11070281,2466.4160497,2466.44776592,1110518.2894887
2017-06-30 02:00:00,2460.78462373,2480.99999999,2442.88651501,2478.59651025,1636495.661487
2017-06-30 04:00:00,2460.0,2472.60603211,2448.0,2455.67229913,1374556.1963311
2017-06-30 06:00:00,2442.99999993,2474.59682618,2441.94855418,2460.0,1335332.9271397
2017-06-30 08:00:00,2472.7550352,2478.50000999,2442.10000004,2442.99999,1577682.6183407
2017-06-30 10:00:00,2497.99989998,2507.99999999,2467.66263062,2472.765,2358636.2108742
2017-06-30 12:00:00,2468.64803445,2497.99989997,2455.11466189,2497.99989997,1808747.3451476
2017-06-30 14:00:00,2493.89228832,2501.6643256,2460.45888188,2467.513793,1836254.3282231
2017-06-30 16:00:00,2508.0,2508.33654,2484.0,2493.0,1158181.2086511
2017-06-30 18:00:00,2485.03799985,2510.0,2466.0,2507.0000001,1496002.700389
2017-06-30 20:00:00,2445.16292501,2489.88460338,2443.02352824,2484.99999989,1899541.6239291
2017-06-30 22:00:00,2423.6613876,2466.95295522,2402.11,2445.16292501,4872966.6979315
2017-07-01 00:00:00,2378.0,2436.0,2372.0,2423.66138761,2792562.6602382
